sample_id,label_id,label_name,regime_key,case_name,events_csv_path,n_events_written,n_candidates,k,tau_rel,tau_abs,p,kmin,kmax,residual_csv_path,group_id,season,train_size,split,split_seed,split_strategy,split_version
1,0,Ip_1track_1_arc_345,G1_S_H,Ip_1track_1_arc_345,C:\Users\Priyanshu\Desktop\new_train\training_residuals\events_equivstress\G1_S_H\Ip_1track_1_arc_345\events_topk.csv,1516,50541,1516,3.0,0.0,0.03,1000,10000,C:\Users\Priyanshu\Desktop\new_train\training_residuals\residuals_stress\G1_S_H\Ip_1track_1_arc_345\stress_residual.csv,1,S,H,train,30,balanced_regime_search_1000cands_12_2_2,v2_balanced
2,0,Ip_1track_1_arc_345,G1_S_L,Ip_1track_1_arc_345,C:\Users\Priyanshu\Desktop\new_train\training_residuals\events_equivstress\G1_S_L\Ip_1track_1_arc_345\events_topk.csv,1641,54716,1641,3.0,0.0,0.03,1000,10000,C:\Users\Priyanshu\Desktop\new_train\training_residuals\residuals_stress\G1_S_L\Ip_1track_1_arc_345\stress_residual.csv,1,S,L,val,30,balanced_regime_search_1000cands_12_2_2,v2_balanced
3,0,Ip_1track_1_arc_345,G1_W_H,Ip_1track_1_arc_345,C:\Users\Priyanshu\Desktop\new_train\training_residuals\events_equivstress\G1_W_H\Ip_1track_1_arc_345\events_topk.csv,1486,49546,1486,3.0,0.0,0.03,1000,10000,C:\Users\Priyanshu\Desktop\new_train\training_residuals\residuals_stress\G1_W_H\Ip_1track_1_arc_345\stress_residual.csv,1,W,H,train,30,balanced_regime_search_1000cands_12_2_2,v2_balanced
4,0,Ip_1track_1_arc_345,G1_W_L,Ip_1track_1_arc_345,C:\Users\Priyanshu\Desktop\new_train\training_residuals\events_equivstress\G1_W_L\Ip_1track_1_arc_345\events_topk.csv,1537,51243,1537,3.0,0.0,0.03,1000,10000,C:\Users\Priyanshu\Desktop\new_train\training_residuals\residuals_stress\G1_W_L\Ip_1track_1_arc_345\stress_residual.csv,1,W,L,train,30,balanced_regime_search_1000cands_12_2_2,v2_balanced
5,0,Ip_1track_1_arc_345,G2_S_H,Ip_1track_1_arc_345,C:\Users\Priyanshu\Desktop\new_train\training_residuals\events_equivstress\G2_S_H\Ip_1track_1_arc_345\events_topk.csv,1536,51188,1536,3.0,0.0,0.03,1000,10000,C:\Users\Priyanshu\Desktop\new_train\training_residuals\residuals_stress\G2_S_H\Ip_1track_1_arc_345\stress_residual.csv,2,S,H,train,30,balanced_regime_search_1000cands_12_2_2,v2_balanced
6,0,Ip_1track_1_arc_345,G2_S_L,Ip_1track_1_arc_345,C:\Users\Priyanshu\Desktop\new_train\training_residuals\events_equivstress\G2_S_L\Ip_1track_1_arc_345\events_topk.csv,1646,54882,1646,3.0,0.0,0.03,1000,10000,C:\Users\Priyanshu\Desktop\new_train\training_residuals\residuals_stress\G2_S_L\Ip_1track_1_arc_345\stress_residual.csv,2,S,L,train,30,balanced_regime_search_1000cands_12_2_2,v2_balanced
7,0,Ip_1track_1_arc_345,G2_W_H,Ip_1track_1_arc_345,C:\Users\Priyanshu\Desktop\new_train\training_residuals\events_equivstress\G2_W_H\Ip_1track_1_arc_345\events_topk.csv,1473,49090,1473,3.0,0.0,0.03,1000,10000,C:\Users\Priyanshu\Desktop\new_train\training_residuals\residuals_stress\G2_W_H\Ip_1track_1_arc_345\stress_residual.csv,2,W,H,train,30,balanced_regime_search_1000cands_12_2_2,v2_balanced
8,0,Ip_1track_1_arc_345,G2_W_L,Ip_1track_1_arc_345,C:\Users\Priyanshu\Desktop\new_train\training_residuals\events_equivstress\G2_W_L\Ip_1track_1_arc_345\events_topk.csv,1528,50924,1528,3.0,0.0,0.03,1000,10000,C:\Users\Priyanshu\Desktop\new_train\training_residuals\residuals_stress\G2_W_L\Ip_1track_1_arc_345\stress_residual.csv,2,W,L,train,30,balanced_regime_search_1000cands_12_2_2,v2_balanced
9,0,Ip_1track_1_arc_345,G3_S_H,Ip_1track_1_arc_345,C:\Users\Priyanshu\Desktop\new_train\training_residuals\events_equivstress\G3_S_H\Ip_1track_1_arc_345\events_topk.csv,1000,25055,1000,3.0,0.0,0.03,1000,10000,C:\Users\Priyanshu\Desktop\new_train\training_residuals\residuals_stress\G3_S_H\Ip_1track_1_arc_345\stress_residual.csv,3,S,H,train,30,balanced_regime_search_1000cands_12_2_2,v2_balanced
10,0,Ip_1track_1_arc_345,G3_S_L,Ip_1track_1_arc_345,C:\Users\Priyanshu\Desktop\new_train\training_residuals\events_equivstress\G3_S_L\Ip_1track_1_arc_345\events_topk.csv,1633,54426,1633,3.0,0.0,0.03,1000,10000,C:\Users\Priyanshu\Desktop\new_train\training_residuals\residuals_stress\G3_S_L\Ip_1track_1_arc_345\stress_residual.csv,3,S,L,test,30,balanced_regime_search_1000cands_12_2_2,v2_balanced
11,0,Ip_1track_1_arc_345,G3_W_H,Ip_1track_1_arc_345,C:\Users\Priyanshu\Desktop\new_train\training_residuals\events_equivstress\G3_W_H\Ip_1track_1_arc_345\events_topk.csv,1449,48307,1449,3.0,0.0,0.03,1000,10000,C:\Users\Priyanshu\Desktop\new_train\training_residuals\residuals_stress\G3_W_H\Ip_1track_1_arc_345\stress_residual.csv,3,W,H,train,30,balanced_regime_search_1000cands_12_2_2,v2_balanced
12,0,Ip_1track_1_arc_345,G3_W_L,Ip_1track_1_arc_345,C:\Users\Priyanshu\Desktop\new_train\training_residuals\events_equivstress\G3_W_L\Ip_1track_1_arc_345\events_topk.csv,1577,52553,1577,3.0,0.0,0.03,1000,10000,C:\Users\Priyanshu\Desktop\new_train\training_residuals\residuals_stress\G3_W_L\Ip_1track_1_arc_345\stress_residual.csv,3,W,L,val,30,balanced_regime_search_1000cands_12_2_2,v2_balanced
13,0,Ip_1track_1_arc_345,G4_S_H,Ip_1track_1_arc_345,C:\Users\Priyanshu\Desktop\new_train\training_residuals\events_equivstress\G4_S_H\Ip_1track_1_arc_345\events_topk.csv,1148,38271,1148,3.0,0.0,0.03,1000,10000,C:\Users\Priyanshu\Desktop\new_train\training_residuals\residuals_stress\G4_S_H\Ip_1track_1_arc_345\stress_residual.csv,4,S,H,train,30,balanced_regime_search_1000cands_12_2_2,v2_balanced
14,0,Ip_1track_1_arc_345,G4_S_L,Ip_1track_1_arc_345,C:\Users\Priyanshu\Desktop\new_train\training_residuals\events_equivstress\G4_S_L\Ip_1track_1_arc_345\events_topk.csv,1208,40271,1208,3.0,0.0,0.03,1000,10000,C:\Users\Priyanshu\Desktop\new_train\training_residuals\residuals_stress\G4_S_L\Ip_1track_1_arc_345\stress_residual.csv,4,S,L,train,30,balanced_regime_search_1000cands_12_2_2,v2_balanced
15,0,Ip_1track_1_arc_345,G4_W_H,Ip_1track_1_arc_345,C:\Users\Priyanshu\Desktop\new_train\training_residuals\events_equivstress\G4_W_H\Ip_1track_1_arc_345\events_topk.csv,1145,38174,1145,3.0,0.0,0.03,1000,10000,C:\Users\Priyanshu\Desktop\new_train\training_residuals\residuals_stress\G4_W_H\Ip_1track_1_arc_345\stress_residual.csv,4,W,H,test,30,balanced_regime_search_1000cands_12_2_2,v2_balanced
16,0,Ip_1track_1_arc_345,G4_W_L,Ip_1track_1_arc_345,C:\Users\Priyanshu\Desktop\new_train\training_residuals\events_equivstress\G4_W_L\Ip_1track_1_arc_345\events_topk.csv,1190,39658,1190,3.0,0.0,0.03,1000,10000,C:\Users\Priyanshu\Desktop\new_train\training_residuals\residuals_stress\G4_W_L\Ip_1track_1_arc_345\stress_residual.csv,4,W,L,train,30,balanced_regime_search_1000cands_12_2_2,v2_balanced
17,1,ip_1and3line_3_arc_78910,G1_S_H,ip_1and3line_3_arc_78910,C:\Users\Priyanshu\Desktop\new_train\training_residuals\events_equivstress\G1_S_H\ip_1and3line_3_arc_78910\events_topk.csv,3011,100361,3011,3.0,0.0,0.03,1000,10000,C:\Users\Priyanshu\Desktop\new_train\training_residuals\residuals_stress\G1_S_H\ip_1and3line_3_arc_78910\stress_residual.csv,1,S,H,train,30,balanced_regime_search_1000cands_12_2_2,v2_balanced
18,1,ip_1and3line_3_arc_78910,G1_S_L,ip_1and3line_3_arc_78910,C:\Users\Priyanshu\Desktop\new_train\training_residuals\events_equivstress\G1_S_L\ip_1and3line_3_arc_78910\events_topk.csv,3158,105250,3158,3.0,0.0,0.03,1000,10000,C:\Users\Priyanshu\Desktop\new_train\training_residuals\residuals_stress\G1_S_L\ip_1and3line_3_arc_78910\stress_residual.csv,1,S,L,val,30,balanced_regime_search_1000cands_12_2_2,v2_balanced
19,1,ip_1and3line_3_arc_78910,G1_W_H,ip_1and3line_3_arc_78910,C:\Users\Priyanshu\Desktop\new_train\training_residuals\events_equivstress\G1_W_H\ip_1and3line_3_arc_78910\events_topk.csv,2942,98058,2942,3.0,0.0,0.03,1000,10000,C:\Users\Priyanshu\Desktop\new_train\training_residuals\residuals_stress\G1_W_H\ip_1and3line_3_arc_78910\stress_residual.csv,1,W,H,train,30,balanced_regime_search_1000cands_12_2_2,v2_balanced
20,1,ip_1and3line_3_arc_78910,G1_W_L,ip_1and3line_3_arc_78910,C:\Users\Priyanshu\Desktop\new_train\training_residuals\events_equivstress\G1_W_L\ip_1and3line_3_arc_78910\events_topk.csv,3074,102454,3074,3.0,0.0,0.03,1000,10000,C:\Users\Priyanshu\Desktop\new_train\training_residuals\residuals_stress\G1_W_L\ip_1and3line_3_arc_78910\stress_residual.csv,1,W,L,train,30,balanced_regime_search_1000cands_12_2_2,v2_balanced
21,1,ip_1and3line_3_arc_78910,G2_S_H,ip_1and3line_3_arc_78910,C:\Users\Priyanshu\Desktop\new_train\training_residuals\events_equivstress\G2_S_H\ip_1and3line_3_arc_78910\events_topk.csv,3066,102213,3066,3.0,0.0,0.03,1000,10000,C:\Users\Priyanshu\Desktop\new_train\training_residuals\residuals_stress\G2_S_H\ip_1and3line_3_arc_78910\stress_residual.csv,2,S,H,test,30,balanced_regime_search_1000cands_12_2_2,v2_balanced
22,1,ip_1and3line_3_arc_78910,G2_S_L,ip_1and3line_3_arc_78910,C:\Users\Priyanshu\Desktop\new_train\training_residuals\events_equivstress\G2_S_L\ip_1and3line_3_arc_78910\events_topk.csv,3202,106746,3202,3.0,0.0,0.03,1000,10000,C:\Users\Priyanshu\Desktop\new_train\training_residuals\residuals_stress\G2_S_L\ip_1and3line_3_arc_78910\stress_residual.csv,2,S,L,val,30,balanced_regime_search_1000cands_12_2_2,v2_balanced
23,1,ip_1and3line_3_arc_78910,G2_W_H,ip_1and3line_3_arc_78910,C:\Users\Priyanshu\Desktop\new_train\training_residuals\events_equivstress\G2_W_H\ip_1and3line_3_arc_78910\events_topk.csv,2989,99636,2989,3.0,0.0,0.03,1000,10000,C:\Users\Priyanshu\Desktop\new_train\training_residuals\residuals_stress\G2_W_H\ip_1and3line_3_arc_78910\stress_residual.csv,2,W,H,train,30,balanced_regime_search_1000cands_12_2_2,v2_balanced
24,1,ip_1and3line_3_arc_78910,G2_W_L,ip_1and3line_3_arc_78910,C:\Users\Priyanshu\Desktop\new_train\training_residuals\events_equivstress\G2_W_L\ip_1and3line_3_arc_78910\events_topk.csv,3082,102737,3082,3.0,0.0,0.03,1000,10000,C:\Users\Priyanshu\Desktop\new_train\training_residuals\residuals_stress\G2_W_L\ip_1and3line_3_arc_78910\stress_residual.csv,2,W,L,test,30,balanced_regime_search_1000cands_12_2_2,v2_balanced
25,1,ip_1and3line_3_arc_78910,G3_S_H,ip_1and3line_3_arc_78910,C:\Users\Priyanshu\Desktop\new_train\training_residuals\events_equivstress\G3_S_H\ip_1and3line_3_arc_78910\events_topk.csv,2158,71947,2158,3.0,0.0,0.03,1000,10000,C:\Users\Priyanshu\Desktop\new_train\training_residuals\residuals_stress\G3_S_H\ip_1and3line_3_arc_78910\stress_residual.csv,3,S,H,train,30,balanced_regime_search_1000cands_12_2_2,v2_balanced
26,1,ip_1and3line_3_arc_78910,G3_S_L,ip_1and3line_3_arc_78910,C:\Users\Priyanshu\Desktop\new_train\training_residuals\events_equivstress\G3_S_L\ip_1and3line_3_arc_78910\events_topk.csv,3146,104878,3146,3.0,0.0,0.03,1000,10000,C:\Users\Priyanshu\Desktop\new_train\training_residuals\residuals_stress\G3_S_L\ip_1and3line_3_arc_78910\stress_residual.csv,3,S,L,train,30,balanced_regime_search_1000cands_12_2_2,v2_balanced
27,1,ip_1and3line_3_arc_78910,G3_W_H,ip_1and3line_3_arc_78910,C:\Users\Priyanshu\Desktop\new_train\training_residuals\events_equivstress\G3_W_H\ip_1and3line_3_arc_78910\events_topk.csv,2869,95632,2869,3.0,0.0,0.03,1000,10000,C:\Users\Priyanshu\Desktop\new_train\training_residuals\residuals_stress\G3_W_H\ip_1and3line_3_arc_78910\stress_residual.csv,3,W,H,train,30,balanced_regime_search_1000cands_12_2_2,v2_balanced
28,1,ip_1and3line_3_arc_78910,G3_W_L,ip_1and3line_3_arc_78910,C:\Users\Priyanshu\Desktop\new_train\training_residuals\events_equivstress\G3_W_L\ip_1and3line_3_arc_78910\events_topk.csv,3072,102401,3072,3.0,0.0,0.03,1000,10000,C:\Users\Priyanshu\Desktop\new_train\training_residuals\residuals_stress\G3_W_L\ip_1and3line_3_arc_78910\stress_residual.csv,3,W,L,train,30,balanced_regime_search_1000cands_12_2_2,v2_balanced
29,1,ip_1and3line_3_arc_78910,G4_S_H,ip_1and3line_3_arc_78910,C:\Users\Priyanshu\Desktop\new_train\training_residuals\events_equivstress\G4_S_H\ip_1and3line_3_arc_78910\events_topk.csv,2218,73938,2218,3.0,0.0,0.03,1000,10000,C:\Users\Priyanshu\Desktop\new_train\training_residuals\residuals_stress\G4_S_H\ip_1and3line_3_arc_78910\stress_residual.csv,4,S,H,train,30,balanced_regime_search_1000cands_12_2_2,v2_balanced
30,1,ip_1and3line_3_arc_78910,G4_S_L,ip_1and3line_3_arc_78910,C:\Users\Priyanshu\Desktop\new_train\training_residuals\events_equivstress\G4_S_L\ip_1and3line_3_arc_78910\events_topk.csv,2276,75857,2276,3.0,0.0,0.03,1000,10000,C:\Users\Priyanshu\Desktop\new_train\training_residuals\residuals_stress\G4_S_L\ip_1and3line_3_arc_78910\stress_residual.csv,4,S,L,train,30,balanced_regime_search_1000cands_12_2_2,v2_balanced
31,1,ip_1and3line_3_arc_78910,G4_W_H,ip_1and3line_3_arc_78910,C:\Users\Priyanshu\Desktop\new_train\training_residuals\events_equivstress\G4_W_H\ip_1and3line_3_arc_78910\events_topk.csv,2140,71325,2140,3.0,0.0,0.03,1000,10000,C:\Users\Priyanshu\Desktop\new_train\training_residuals\residuals_stress\G4_W_H\ip_1and3line_3_arc_78910\stress_residual.csv,4,W,H,train,30,balanced_regime_search_1000cands_12_2_2,v2_balanced
32,1,ip_1and3line_3_arc_78910,G4_W_L,ip_1and3line_3_arc_78910,C:\Users\Priyanshu\Desktop\new_train\training_residuals\events_equivstress\G4_W_L\ip_1and3line_3_arc_78910\events_topk.csv,2230,74337,2230,3.0,0.0,0.03,1000,10000,C:\Users\Priyanshu\Desktop\new_train\training_residuals\residuals_stress\G4_W_L\ip_1and3line_3_arc_78910\stress_residual.csv,4,W,L,train,30,balanced_regime_search_1000cands_12_2_2,v2_balanced
33,2,ip_2_arc_all_tracks_222,G1_S_H,ip_2_arc_all_tracks_222,C:\Users\Priyanshu\Desktop\new_train\training_residuals\events_equivstress\G1_S_H\ip_2_arc_all_tracks_222\events_topk.csv,1270,42350,1270,3.0,0.0,0.03,1000,10000,C:\Users\Priyanshu\Desktop\new_train\training_residuals\residuals_stress\G1_S_H\ip_2_arc_all_tracks_222\stress_residual.csv,1,S,H,train,30,balanced_regime_search_1000cands_12_2_2,v2_balanced
34,2,ip_2_arc_all_tracks_222,G1_S_L,ip_2_arc_all_tracks_222,C:\Users\Priyanshu\Desktop\new_train\training_residuals\events_equivstress\G1_S_L\ip_2_arc_all_tracks_222\events_topk.csv,1195,39833,1195,3.0,0.0,0.03,1000,10000,C:\Users\Priyanshu\Desktop\new_train\training_residuals\residuals_stress\G1_S_L\ip_2_arc_all_tracks_222\stress_residual.csv,1,S,L,train,30,balanced_regime_search_1000cands_12_2_2,v2_balanced
35,2,ip_2_arc_all_tracks_222,G1_W_H,ip_2_arc_all_tracks_222,C:\Users\Priyanshu\Desktop\new_train\training_residuals\events_equivstress\G1_W_H\ip_2_arc_all_tracks_222\events_topk.csv,1307,43583,1307,3.0,0.0,0.03,1000,10000,C:\Users\Priyanshu\Desktop\new_train\training_residuals\residuals_stress\G1_W_H\ip_2_arc_all_tracks_222\stress_residual.csv,1,W,H,train,30,balanced_regime_search_1000cands_12_2_2,v2_balanced
36,2,ip_2_arc_all_tracks_222,G1_W_L,ip_2_arc_all_tracks_222,C:\Users\Priyanshu\Desktop\new_train\training_residuals\events_equivstress\G1_W_L\ip_2_arc_all_tracks_222\events_topk.csv,1269,42307,1269,3.0,0.0,0.03,1000,10000,C:\Users\Priyanshu\Desktop\new_train\training_residuals\residuals_stress\G1_W_L\ip_2_arc_all_tracks_222\stress_residual.csv,1,W,L,train,30,balanced_regime_search_1000cands_12_2_2,v2_balanced
37,2,ip_2_arc_all_tracks_222,G2_S_H,ip_2_arc_all_tracks_222,C:\Users\Priyanshu\Desktop\new_train\training_residuals\events_equivstress\G2_S_H\ip_2_arc_all_tracks_222\events_topk.csv,1089,36297,1089,3.0,0.0,0.03,1000,10000,C:\Users\Priyanshu\Desktop\new_train\training_residuals\residuals_stress\G2_S_H\ip_2_arc_all_tracks_222\stress_residual.csv,2,S,H,train,30,balanced_regime_search_1000cands_12_2_2,v2_balanced
38,2,ip_2_arc_all_tracks_222,G2_S_L,ip_2_arc_all_tracks_222,C:\Users\Priyanshu\Desktop\new_train\training_residuals\events_equivstress\G2_S_L\ip_2_arc_all_tracks_222\events_topk.csv,1105,36845,1105,3.0,0.0,0.03,1000,10000,C:\Users\Priyanshu\Desktop\new_train\training_residuals\residuals_stress\G2_S_L\ip_2_arc_all_tracks_222\stress_residual.csv,2,S,L,train,30,balanced_regime_search_1000cands_12_2_2,v2_balanced
39,2,ip_2_arc_all_tracks_222,G2_W_H,ip_2_arc_all_tracks_222,C:\Users\Priyanshu\Desktop\new_train\training_residuals\events_equivstress\G2_W_H\ip_2_arc_all_tracks_222\events_topk.csv,1366,45540,1366,3.0,0.0,0.03,1000,10000,C:\Users\Priyanshu\Desktop\new_train\training_residuals\residuals_stress\G2_W_H\ip_2_arc_all_tracks_222\stress_residual.csv,2,W,H,train,30,balanced_regime_search_1000cands_12_2_2,v2_balanced
40,2,ip_2_arc_all_tracks_222,G2_W_L,ip_2_arc_all_tracks_222,C:\Users\Priyanshu\Desktop\new_train\training_residuals\events_equivstress\G2_W_L\ip_2_arc_all_tracks_222\events_topk.csv,1366,45547,1366,3.0,0.0,0.03,1000,10000,C:\Users\Priyanshu\Desktop\new_train\training_residuals\residuals_stress\G2_W_L\ip_2_arc_all_tracks_222\stress_residual.csv,2,W,L,train,30,balanced_regime_search_1000cands_12_2_2,v2_balanced
41,2,ip_2_arc_all_tracks_222,G3_S_H,ip_2_arc_all_tracks_222,C:\Users\Priyanshu\Desktop\new_train\training_residuals\events_equivstress\G3_S_H\ip_2_arc_all_tracks_222\events_topk.csv,1000,18932,1000,3.0,0.0,0.03,1000,10000,C:\Users\Priyanshu\Desktop\new_train\training_residuals\residuals_stress\G3_S_H\ip_2_arc_all_tracks_222\stress_residual.csv,3,S,H,val,30,balanced_regime_search_1000cands_12_2_2,v2_balanced
42,2,ip_2_arc_all_tracks_222,G3_S_L,ip_2_arc_all_tracks_222,C:\Users\Priyanshu\Desktop\new_train\training_residuals\events_equivstress\G3_S_L\ip_2_arc_all_tracks_222\events_topk.csv,1000,27928,1000,3.0,0.0,0.03,1000,10000,C:\Users\Priyanshu\Desktop\new_train\training_residuals\residuals_stress\G3_S_L\ip_2_arc_all_tracks_222\stress_residual.csv,3,S,L,val,30,balanced_regime_search_1000cands_12_2_2,v2_balanced
43,2,ip_2_arc_all_tracks_222,G3_W_H,ip_2_arc_all_tracks_222,C:\Users\Priyanshu\Desktop\new_train\training_residuals\events_equivstress\G3_W_H\ip_2_arc_all_tracks_222\events_topk.csv,1000,29258,1000,3.0,0.0,0.03,1000,10000,C:\Users\Priyanshu\Desktop\new_train\training_residuals\residuals_stress\G3_W_H\ip_2_arc_all_tracks_222\stress_residual.csv,3,W,H,test,30,balanced_regime_search_1000cands_12_2_2,v2_balanced
44,2,ip_2_arc_all_tracks_222,G3_W_L,ip_2_arc_all_tracks_222,C:\Users\Priyanshu\Desktop\new_train\training_residuals\events_equivstress\G3_W_L\ip_2_arc_all_tracks_222\events_topk.csv,1000,31039,1000,3.0,0.0,0.03,1000,10000,C:\Users\Priyanshu\Desktop\new_train\training_residuals\residuals_stress\G3_W_L\ip_2_arc_all_tracks_222\stress_residual.csv,3,W,L,train,30,balanced_regime_search_1000cands_12_2_2,v2_balanced
45,2,ip_2_arc_all_tracks_222,G4_S_H,ip_2_arc_all_tracks_222,C:\Users\Priyanshu\Desktop\new_train\training_residuals\events_equivstress\G4_S_H\ip_2_arc_all_tracks_222\events_topk.csv,6399,213300,6399,3.0,0.0,0.03,1000,10000,C:\Users\Priyanshu\Desktop\new_train\training_residuals\residuals_stress\G4_S_H\ip_2_arc_all_tracks_222\stress_residual.csv,4,S,H,train,30,balanced_regime_search_1000cands_12_2_2,v2_balanced
46,2,ip_2_arc_all_tracks_222,G4_S_L,ip_2_arc_all_tracks_222,C:\Users\Priyanshu\Desktop\new_train\training_residuals\events_equivstress\G4_S_L\ip_2_arc_all_tracks_222\events_topk.csv,6243,208104,6243,3.0,0.0,0.03,1000,10000,C:\Users\Priyanshu\Desktop\new_train\training_residuals\residuals_stress\G4_S_L\ip_2_arc_all_tracks_222\stress_residual.csv,4,S,L,train,30,balanced_regime_search_1000cands_12_2_2,v2_balanced
47,2,ip_2_arc_all_tracks_222,G4_W_H,ip_2_arc_all_tracks_222,C:\Users\Priyanshu\Desktop\new_train\training_residuals\events_equivstress\G4_W_H\ip_2_arc_all_tracks_222\events_topk.csv,6500,216657,6500,3.0,0.0,0.03,1000,10000,C:\Users\Priyanshu\Desktop\new_train\training_residuals\residuals_stress\G4_W_H\ip_2_arc_all_tracks_222\stress_residual.csv,4,W,H,train,30,balanced_regime_search_1000cands_12_2_2,v2_balanced
48,2,ip_2_arc_all_tracks_222,G4_W_L,ip_2_arc_all_tracks_222,C:\Users\Priyanshu\Desktop\new_train\training_residuals\events_equivstress\G4_W_L\ip_2_arc_all_tracks_222\events_topk.csv,6413,213777,6413,3.0,0.0,0.03,1000,10000,C:\Users\Priyanshu\Desktop\new_train\training_residuals\residuals_stress\G4_W_L\ip_2_arc_all_tracks_222\stress_residual.csv,4,W,L,test,30,balanced_regime_search_1000cands_12_2_2,v2_balanced
49,3,ip_3track_1_arc_678,G1_S_H,ip_3track_1_arc_678,C:\Users\Priyanshu\Desktop\new_train\training_residuals\events_equivstress\G1_S_H\ip_3track_1_arc_678\events_topk.csv,2080,69321,2080,3.0,0.0,0.03,1000,10000,C:\Users\Priyanshu\Desktop\new_train\training_residuals\residuals_stress\G1_S_H\ip_3track_1_arc_678\stress_residual.csv,1,S,H,val,30,balanced_regime_search_1000cands_12_2_2,v2_balanced
50,3,ip_3track_1_arc_678,G1_S_L,ip_3track_1_arc_678,C:\Users\Priyanshu\Desktop\new_train\training_residuals\events_equivstress\G1_S_L\ip_3track_1_arc_678\events_topk.csv,2223,74091,2223,3.0,0.0,0.03,1000,10000,C:\Users\Priyanshu\Desktop\new_train\training_residuals\residuals_stress\G1_S_L\ip_3track_1_arc_678\stress_residual.csv,1,S,L,train,30,balanced_regime_search_1000cands_12_2_2,v2_balanced
51,3,ip_3track_1_arc_678,G1_W_H,ip_3track_1_arc_678,C:\Users\Priyanshu\Desktop\new_train\training_residuals\events_equivstress\G1_W_H\ip_3track_1_arc_678\events_topk.csv,1996,66546,1996,3.0,0.0,0.03,1000,10000,C:\Users\Priyanshu\Desktop\new_train\training_residuals\residuals_stress\G1_W_H\ip_3track_1_arc_678\stress_residual.csv,1,W,H,val,30,balanced_regime_search_1000cands_12_2_2,v2_balanced
52,3,ip_3track_1_arc_678,G1_W_L,ip_3track_1_arc_678,C:\Users\Priyanshu\Desktop\new_train\training_residuals\events_equivstress\G1_W_L\ip_3track_1_arc_678\events_topk.csv,2177,72552,2177,3.0,0.0,0.03,1000,10000,C:\Users\Priyanshu\Desktop\new_train\training_residuals\residuals_stress\G1_W_L\ip_3track_1_arc_678\stress_residual.csv,1,W,L,train,30,balanced_regime_search_1000cands_12_2_2,v2_balanced
53,3,ip_3track_1_arc_678,G2_S_H,ip_3track_1_arc_678,C:\Users\Priyanshu\Desktop\new_train\training_residuals\events_equivstress\G2_S_H\ip_3track_1_arc_678\events_topk.csv,2096,69872,2096,3.0,0.0,0.03,1000,10000,C:\Users\Priyanshu\Desktop\new_train\training_residuals\residuals_stress\G2_S_H\ip_3track_1_arc_678\stress_residual.csv,2,S,H,test,30,balanced_regime_search_1000cands_12_2_2,v2_balanced
54,3,ip_3track_1_arc_678,G2_S_L,ip_3track_1_arc_678,C:\Users\Priyanshu\Desktop\new_train\training_residuals\events_equivstress\G2_S_L\ip_3track_1_arc_678\events_topk.csv,2274,75811,2274,3.0,0.0,0.03,1000,10000,C:\Users\Priyanshu\Desktop\new_train\training_residuals\residuals_stress\G2_S_L\ip_3track_1_arc_678\stress_residual.csv,2,S,L,train,30,balanced_regime_search_1000cands_12_2_2,v2_balanced
55,3,ip_3track_1_arc_678,G2_W_H,ip_3track_1_arc_678,C:\Users\Priyanshu\Desktop\new_train\training_residuals\events_equivstress\G2_W_H\ip_3track_1_arc_678\events_topk.csv,2027,67574,2027,3.0,0.0,0.03,1000,10000,C:\Users\Priyanshu\Desktop\new_train\training_residuals\residuals_stress\G2_W_H\ip_3track_1_arc_678\stress_residual.csv,2,W,H,train,30,balanced_regime_search_1000cands_12_2_2,v2_balanced
56,3,ip_3track_1_arc_678,G2_W_L,ip_3track_1_arc_678,C:\Users\Priyanshu\Desktop\new_train\training_residuals\events_equivstress\G2_W_L\ip_3track_1_arc_678\events_topk.csv,2139,71309,2139,3.0,0.0,0.03,1000,10000,C:\Users\Priyanshu\Desktop\new_train\training_residuals\residuals_stress\G2_W_L\ip_3track_1_arc_678\stress_residual.csv,2,W,L,train,30,balanced_regime_search_1000cands_12_2_2,v2_balanced
57,3,ip_3track_1_arc_678,G3_S_H,ip_3track_1_arc_678,C:\Users\Priyanshu\Desktop\new_train\training_residuals\events_equivstress\G3_S_H\ip_3track_1_arc_678\events_topk.csv,1286,42869,1286,3.0,0.0,0.03,1000,10000,C:\Users\Priyanshu\Desktop\new_train\training_residuals\residuals_stress\G3_S_H\ip_3track_1_arc_678\stress_residual.csv,3,S,H,train,30,balanced_regime_search_1000cands_12_2_2,v2_balanced
58,3,ip_3track_1_arc_678,G3_S_L,ip_3track_1_arc_678,C:\Users\Priyanshu\Desktop\new_train\training_residuals\events_equivstress\G3_S_L\ip_3track_1_arc_678\events_topk.csv,2223,74090,2223,3.0,0.0,0.03,1000,10000,C:\Users\Priyanshu\Desktop\new_train\training_residuals\residuals_stress\G3_S_L\ip_3track_1_arc_678\stress_residual.csv,3,S,L,train,30,balanced_regime_search_1000cands_12_2_2,v2_balanced
59,3,ip_3track_1_arc_678,G3_W_H,ip_3track_1_arc_678,C:\Users\Priyanshu\Desktop\new_train\training_residuals\events_equivstress\G3_W_H\ip_3track_1_arc_678\events_topk.csv,1961,65383,1961,3.0,0.0,0.03,1000,10000,C:\Users\Priyanshu\Desktop\new_train\training_residuals\residuals_stress\G3_W_H\ip_3track_1_arc_678\stress_residual.csv,3,W,H,train,30,balanced_regime_search_1000cands_12_2_2,v2_balanced
60,3,ip_3track_1_arc_678,G3_W_L,ip_3track_1_arc_678,C:\Users\Priyanshu\Desktop\new_train\training_residuals\events_equivstress\G3_W_L\ip_3track_1_arc_678\events_topk.csv,2170,72343,2170,3.0,0.0,0.03,1000,10000,C:\Users\Priyanshu\Desktop\new_train\training_residuals\residuals_stress\G3_W_L\ip_3track_1_arc_678\stress_residual.csv,3,W,L,train,30,balanced_regime_search_1000cands_12_2_2,v2_balanced
61,3,ip_3track_1_arc_678,G4_S_H,ip_3track_1_arc_678,C:\Users\Priyanshu\Desktop\new_train\training_residuals\events_equivstress\G4_S_H\ip_3track_1_arc_678\events_topk.csv,1475,49157,1475,3.0,0.0,0.03,1000,10000,C:\Users\Priyanshu\Desktop\new_train\training_residuals\residuals_stress\G4_S_H\ip_3track_1_arc_678\stress_residual.csv,4,S,H,test,30,balanced_regime_search_1000cands_12_2_2,v2_balanced
62,3,ip_3track_1_arc_678,G4_S_L,ip_3track_1_arc_678,C:\Users\Priyanshu\Desktop\new_train\training_residuals\events_equivstress\G4_S_L\ip_3track_1_arc_678\events_topk.csv,1577,52583,1577,3.0,0.0,0.03,1000,10000,C:\Users\Priyanshu\Desktop\new_train\training_residuals\residuals_stress\G4_S_L\ip_3track_1_arc_678\stress_residual.csv,4,S,L,train,30,balanced_regime_search_1000cands_12_2_2,v2_balanced
63,3,ip_3track_1_arc_678,G4_W_H,ip_3track_1_arc_678,C:\Users\Priyanshu\Desktop\new_train\training_residuals\events_equivstress\G4_W_H\ip_3track_1_arc_678\events_topk.csv,1417,47239,1417,3.0,0.0,0.03,1000,10000,C:\Users\Priyanshu\Desktop\new_train\training_residuals\residuals_stress\G4_W_H\ip_3track_1_arc_678\stress_residual.csv,4,W,H,train,30,balanced_regime_search_1000cands_12_2_2,v2_balanced
64,3,ip_3track_1_arc_678,G4_W_L,ip_3track_1_arc_678,C:\Users\Priyanshu\Desktop\new_train\training_residuals\events_equivstress\G4_W_L\ip_3track_1_arc_678\events_topk.csv,1504,50129,1504,3.0,0.0,0.03,1000,10000,C:\Users\Priyanshu\Desktop\new_train\training_residuals\residuals_stress\G4_W_L\ip_3track_1_arc_678\stress_residual.csv,4,W,L,train,30,balanced_regime_search_1000cands_12_2_2,v2_balanced
65,4,ip_first_track_3arc_78910,G1_S_H,ip_first_track_3arc_78910,C:\Users\Priyanshu\Desktop\new_train\training_residuals\events_equivstress\G1_S_H\ip_first_track_3arc_78910\events_topk.csv,2382,79391,2382,3.0,0.0,0.03,1000,10000,C:\Users\Priyanshu\Desktop\new_train\training_residuals\residuals_stress\G1_S_H\ip_first_track_3arc_78910\stress_residual.csv,1,S,H,train,30,balanced_regime_search_1000cands_12_2_2,v2_balanced
66,4,ip_first_track_3arc_78910,G1_S_L,ip_first_track_3arc_78910,C:\Users\Priyanshu\Desktop\new_train\training_residuals\events_equivstress\G1_S_L\ip_first_track_3arc_78910\events_topk.csv,2563,85433,2563,3.0,0.0,0.03,1000,10000,C:\Users\Priyanshu\Desktop\new_train\training_residuals\residuals_stress\G1_S_L\ip_first_track_3arc_78910\stress_residual.csv,1,S,L,test,30,balanced_regime_search_1000cands_12_2_2,v2_balanced
67,4,ip_first_track_3arc_78910,G1_W_H,ip_first_track_3arc_78910,C:\Users\Priyanshu\Desktop\new_train\training_residuals\events_equivstress\G1_W_H\ip_first_track_3arc_78910\events_topk.csv,2293,76447,2293,3.0,0.0,0.03,1000,10000,C:\Users\Priyanshu\Desktop\new_train\training_residuals\residuals_stress\G1_W_H\ip_first_track_3arc_78910\stress_residual.csv,1,W,H,train,30,balanced_regime_search_1000cands_12_2_2,v2_balanced
68,4,ip_first_track_3arc_78910,G1_W_L,ip_first_track_3arc_78910,C:\Users\Priyanshu\Desktop\new_train\training_residuals\events_equivstress\G1_W_L\ip_first_track_3arc_78910\events_topk.csv,2463,82104,2463,3.0,0.0,0.03,1000,10000,C:\Users\Priyanshu\Desktop\new_train\training_residuals\residuals_stress\G1_W_L\ip_first_track_3arc_78910\stress_residual.csv,1,W,L,train,30,balanced_regime_search_1000cands_12_2_2,v2_balanced
69,4,ip_first_track_3arc_78910,G2_S_H,ip_first_track_3arc_78910,C:\Users\Priyanshu\Desktop\new_train\training_residuals\events_equivstress\G2_S_H\ip_first_track_3arc_78910\events_topk.csv,2428,80940,2428,3.0,0.0,0.03,1000,10000,C:\Users\Priyanshu\Desktop\new_train\training_residuals\residuals_stress\G2_S_H\ip_first_track_3arc_78910\stress_residual.csv,2,S,H,train,30,balanced_regime_search_1000cands_12_2_2,v2_balanced
70,4,ip_first_track_3arc_78910,G2_S_L,ip_first_track_3arc_78910,C:\Users\Priyanshu\Desktop\new_train\training_residuals\events_equivstress\G2_S_L\ip_first_track_3arc_78910\events_topk.csv,2615,87180,2615,3.0,0.0,0.03,1000,10000,C:\Users\Priyanshu\Desktop\new_train\training_residuals\residuals_stress\G2_S_L\ip_first_track_3arc_78910\stress_residual.csv,2,S,L,train,30,balanced_regime_search_1000cands_12_2_2,v2_balanced
71,4,ip_first_track_3arc_78910,G2_W_H,ip_first_track_3arc_78910,C:\Users\Priyanshu\Desktop\new_train\training_residuals\events_equivstress\G2_W_H\ip_first_track_3arc_78910\events_topk.csv,2358,78603,2358,3.0,0.0,0.03,1000,10000,C:\Users\Priyanshu\Desktop\new_train\training_residuals\residuals_stress\G2_W_H\ip_first_track_3arc_78910\stress_residual.csv,2,W,H,val,30,balanced_regime_search_1000cands_12_2_2,v2_balanced
72,4,ip_first_track_3arc_78910,G2_W_L,ip_first_track_3arc_78910,C:\Users\Priyanshu\Desktop\new_train\training_residuals\events_equivstress\G2_W_L\ip_first_track_3arc_78910\events_topk.csv,2484,82811,2484,3.0,0.0,0.03,1000,10000,C:\Users\Priyanshu\Desktop\new_train\training_residuals\residuals_stress\G2_W_L\ip_first_track_3arc_78910\stress_residual.csv,2,W,L,train,30,balanced_regime_search_1000cands_12_2_2,v2_balanced
73,4,ip_first_track_3arc_78910,G3_S_H,ip_first_track_3arc_78910,C:\Users\Priyanshu\Desktop\new_train\training_residuals\events_equivstress\G3_S_H\ip_first_track_3arc_78910\events_topk.csv,1599,53291,1599,3.0,0.0,0.03,1000,10000,C:\Users\Priyanshu\Desktop\new_train\training_residuals\residuals_stress\G3_S_H\ip_first_track_3arc_78910\stress_residual.csv,3,S,H,test,30,balanced_regime_search_1000cands_12_2_2,v2_balanced
74,4,ip_first_track_3arc_78910,G3_S_L,ip_first_track_3arc_78910,C:\Users\Priyanshu\Desktop\new_train\training_residuals\events_equivstress\G3_S_L\ip_first_track_3arc_78910\events_topk.csv,2563,85419,2563,3.0,0.0,0.03,1000,10000,C:\Users\Priyanshu\Desktop\new_train\training_residuals\residuals_stress\G3_S_L\ip_first_track_3arc_78910\stress_residual.csv,3,S,L,train,30,balanced_regime_search_1000cands_12_2_2,v2_balanced
75,4,ip_first_track_3arc_78910,G3_W_H,ip_first_track_3arc_78910,C:\Users\Priyanshu\Desktop\new_train\training_residuals\events_equivstress\G3_W_H\ip_first_track_3arc_78910\events_topk.csv,2225,74182,2225,3.0,0.0,0.03,1000,10000,C:\Users\Priyanshu\Desktop\new_train\training_residuals\residuals_stress\G3_W_H\ip_first_track_3arc_78910\stress_residual.csv,3,W,H,train,30,balanced_regime_search_1000cands_12_2_2,v2_balanced
76,4,ip_first_track_3arc_78910,G3_W_L,ip_first_track_3arc_78910,C:\Users\Priyanshu\Desktop\new_train\training_residuals\events_equivstress\G3_W_L\ip_first_track_3arc_78910\events_topk.csv,2466,82206,2466,3.0,0.0,0.03,1000,10000,C:\Users\Priyanshu\Desktop\new_train\training_residuals\residuals_stress\G3_W_L\ip_first_track_3arc_78910\stress_residual.csv,3,W,L,train,30,balanced_regime_search_1000cands_12_2_2,v2_balanced
77,4,ip_first_track_3arc_78910,G4_S_H,ip_first_track_3arc_78910,C:\Users\Priyanshu\Desktop\new_train\training_residuals\events_equivstress\G4_S_H\ip_first_track_3arc_78910\events_topk.csv,6399,213301,6399,3.0,0.0,0.03,1000,10000,C:\Users\Priyanshu\Desktop\new_train\training_residuals\residuals_stress\G4_S_H\ip_first_track_3arc_78910\stress_residual.csv,4,S,H,train,30,balanced_regime_search_1000cands_12_2_2,v2_balanced
78,4,ip_first_track_3arc_78910,G4_S_L,ip_first_track_3arc_78910,C:\Users\Priyanshu\Desktop\new_train\training_residuals\events_equivstress\G4_S_L\ip_first_track_3arc_78910\events_topk.csv,6243,208105,6243,3.0,0.0,0.03,1000,10000,C:\Users\Priyanshu\Desktop\new_train\training_residuals\residuals_stress\G4_S_L\ip_first_track_3arc_78910\stress_residual.csv,4,S,L,train,30,balanced_regime_search_1000cands_12_2_2,v2_balanced
79,4,ip_first_track_3arc_78910,G4_W_H,ip_first_track_3arc_78910,C:\Users\Priyanshu\Desktop\new_train\training_residuals\events_equivstress\G4_W_H\ip_first_track_3arc_78910\events_topk.csv,6500,216658,6500,3.0,0.0,0.03,1000,10000,C:\Users\Priyanshu\Desktop\new_train\training_residuals\residuals_stress\G4_W_H\ip_first_track_3arc_78910\stress_residual.csv,4,W,H,val,30,balanced_regime_search_1000cands_12_2_2,v2_balanced
80,4,ip_first_track_3arc_78910,G4_W_L,ip_first_track_3arc_78910,C:\Users\Priyanshu\Desktop\new_train\training_residuals\events_equivstress\G4_W_L\ip_first_track_3arc_78910\events_topk.csv,6413,213779,6413,3.0,0.0,0.03,1000,10000,C:\Users\Priyanshu\Desktop\new_train\training_residuals\residuals_stress\G4_W_L\ip_first_track_3arc_78910\stress_residual.csv,4,W,L,train,30,balanced_regime_search_1000cands_12_2_2,v2_balanced
81,5,ip_frst_Arc_defect_all_tracks_111,G1_S_H,ip_frst_Arc_defect_all_tracks_111,C:\Users\Priyanshu\Desktop\new_train\training_residuals\events_equivstress\G1_S_H\ip_frst_Arc_defect_all_tracks_111\events_topk.csv,1580,52663,1580,3.0,0.0,0.03,1000,10000,C:\Users\Priyanshu\Desktop\new_train\training_residuals\residuals_stress\G1_S_H\ip_frst_Arc_defect_all_tracks_111\stress_residual.csv,1,S,H,train,30,balanced_regime_search_1000cands_12_2_2,v2_balanced
82,5,ip_frst_Arc_defect_all_tracks_111,G1_S_L,ip_frst_Arc_defect_all_tracks_111,C:\Users\Priyanshu\Desktop\new_train\training_residuals\events_equivstress\G1_S_L\ip_frst_Arc_defect_all_tracks_111\events_topk.csv,1234,41141,1234,3.0,0.0,0.03,1000,10000,C:\Users\Priyanshu\Desktop\new_train\training_residuals\residuals_stress\G1_S_L\ip_frst_Arc_defect_all_tracks_111\stress_residual.csv,1,S,L,test,30,balanced_regime_search_1000cands_12_2_2,v2_balanced
83,5,ip_frst_Arc_defect_all_tracks_111,G1_W_H,ip_frst_Arc_defect_all_tracks_111,C:\Users\Priyanshu\Desktop\new_train\training_residuals\events_equivstress\G1_W_H\ip_frst_Arc_defect_all_tracks_111\events_topk.csv,1516,50531,1516,3.0,0.0,0.03,1000,10000,C:\Users\Priyanshu\Desktop\new_train\training_residuals\residuals_stress\G1_W_H\ip_frst_Arc_defect_all_tracks_111\stress_residual.csv,1,W,H,train,30,balanced_regime_search_1000cands_12_2_2,v2_balanced
84,5,ip_frst_Arc_defect_all_tracks_111,G1_W_L,ip_frst_Arc_defect_all_tracks_111,C:\Users\Priyanshu\Desktop\new_train\training_residuals\events_equivstress\G1_W_L\ip_frst_Arc_defect_all_tracks_111\events_topk.csv,1465,48820,1465,3.0,0.0,0.03,1000,10000,C:\Users\Priyanshu\Desktop\new_train\training_residuals\residuals_stress\G1_W_L\ip_frst_Arc_defect_all_tracks_111\stress_residual.csv,1,W,L,test,30,balanced_regime_search_1000cands_12_2_2,v2_balanced
85,5,ip_frst_Arc_defect_all_tracks_111,G2_S_H,ip_frst_Arc_defect_all_tracks_111,C:\Users\Priyanshu\Desktop\new_train\training_residuals\events_equivstress\G2_S_H\ip_frst_Arc_defect_all_tracks_111\events_topk.csv,1057,35231,1057,3.0,0.0,0.03,1000,10000,C:\Users\Priyanshu\Desktop\new_train\training_residuals\residuals_stress\G2_S_H\ip_frst_Arc_defect_all_tracks_111\stress_residual.csv,2,S,H,train,30,balanced_regime_search_1000cands_12_2_2,v2_balanced
86,5,ip_frst_Arc_defect_all_tracks_111,G2_S_L,ip_frst_Arc_defect_all_tracks_111,C:\Users\Priyanshu\Desktop\new_train\training_residuals\events_equivstress\G2_S_L\ip_frst_Arc_defect_all_tracks_111\events_topk.csv,1009,33632,1009,3.0,0.0,0.03,1000,10000,C:\Users\Priyanshu\Desktop\new_train\training_residuals\residuals_stress\G2_S_L\ip_frst_Arc_defect_all_tracks_111\stress_residual.csv,2,S,L,train,30,balanced_regime_search_1000cands_12_2_2,v2_balanced
87,5,ip_frst_Arc_defect_all_tracks_111,G2_W_H,ip_frst_Arc_defect_all_tracks_111,C:\Users\Priyanshu\Desktop\new_train\training_residuals\events_equivstress\G2_W_H\ip_frst_Arc_defect_all_tracks_111\events_topk.csv,1217,40574,1217,3.0,0.0,0.03,1000,10000,C:\Users\Priyanshu\Desktop\new_train\training_residuals\residuals_stress\G2_W_H\ip_frst_Arc_defect_all_tracks_111\stress_residual.csv,2,W,H,train,30,balanced_regime_search_1000cands_12_2_2,v2_balanced
88,5,ip_frst_Arc_defect_all_tracks_111,G2_W_L,ip_frst_Arc_defect_all_tracks_111,C:\Users\Priyanshu\Desktop\new_train\training_residuals\events_equivstress\G2_W_L\ip_frst_Arc_defect_all_tracks_111\events_topk.csv,1217,40577,1217,3.0,0.0,0.03,1000,10000,C:\Users\Priyanshu\Desktop\new_train\training_residuals\residuals_stress\G2_W_L\ip_frst_Arc_defect_all_tracks_111\stress_residual.csv,2,W,L,val,30,balanced_regime_search_1000cands_12_2_2,v2_balanced
89,5,ip_frst_Arc_defect_all_tracks_111,G3_S_H,ip_frst_Arc_defect_all_tracks_111,C:\Users\Priyanshu\Desktop\new_train\training_residuals\events_equivstress\G3_S_H\ip_frst_Arc_defect_all_tracks_111\events_topk.csv,7059,235308,7059,3.0,0.0,0.03,1000,10000,C:\Users\Priyanshu\Desktop\new_train\training_residuals\residuals_stress\G3_S_H\ip_frst_Arc_defect_all_tracks_111\stress_residual.csv,3,S,H,train,30,balanced_regime_search_1000cands_12_2_2,v2_balanced
90,5,ip_frst_Arc_defect_all_tracks_111,G3_S_L,ip_frst_Arc_defect_all_tracks_111,C:\Users\Priyanshu\Desktop\new_train\training_residuals\events_equivstress\G3_S_L\ip_frst_Arc_defect_all_tracks_111\events_topk.csv,1239,41291,1239,3.0,0.0,0.03,1000,10000,C:\Users\Priyanshu\Desktop\new_train\training_residuals\residuals_stress\G3_S_L\ip_frst_Arc_defect_all_tracks_111\stress_residual.csv,3,S,L,train,30,balanced_regime_search_1000cands_12_2_2,v2_balanced
91,5,ip_frst_Arc_defect_all_tracks_111,G3_W_H,ip_frst_Arc_defect_all_tracks_111,C:\Users\Priyanshu\Desktop\new_train\training_residuals\events_equivstress\G3_W_H\ip_frst_Arc_defect_all_tracks_111\events_topk.csv,1472,49065,1472,3.0,0.0,0.03,1000,10000,C:\Users\Priyanshu\Desktop\new_train\training_residuals\residuals_stress\G3_W_H\ip_frst_Arc_defect_all_tracks_111\stress_residual.csv,3,W,H,train,30,balanced_regime_search_1000cands_12_2_2,v2_balanced
92,5,ip_frst_Arc_defect_all_tracks_111,G3_W_L,ip_frst_Arc_defect_all_tracks_111,C:\Users\Priyanshu\Desktop\new_train\training_residuals\events_equivstress\G3_W_L\ip_frst_Arc_defect_all_tracks_111\events_topk.csv,1489,49644,1489,3.0,0.0,0.03,1000,10000,C:\Users\Priyanshu\Desktop\new_train\training_residuals\residuals_stress\G3_W_L\ip_frst_Arc_defect_all_tracks_111\stress_residual.csv,3,W,L,train,30,balanced_regime_search_1000cands_12_2_2,v2_balanced
93,5,ip_frst_Arc_defect_all_tracks_111,G4_S_H,ip_frst_Arc_defect_all_tracks_111,C:\Users\Priyanshu\Desktop\new_train\training_residuals\events_equivstress\G4_S_H\ip_frst_Arc_defect_all_tracks_111\events_topk.csv,1000,30880,1000,3.0,0.0,0.03,1000,10000,C:\Users\Priyanshu\Desktop\new_train\training_residuals\residuals_stress\G4_S_H\ip_frst_Arc_defect_all_tracks_111\stress_residual.csv,4,S,H,val,30,balanced_regime_search_1000cands_12_2_2,v2_balanced
94,5,ip_frst_Arc_defect_all_tracks_111,G4_S_L,ip_frst_Arc_defect_all_tracks_111,C:\Users\Priyanshu\Desktop\new_train\training_residuals\events_equivstress\G4_S_L\ip_frst_Arc_defect_all_tracks_111\events_topk.csv,1000,31465,1000,3.0,0.0,0.03,1000,10000,C:\Users\Priyanshu\Desktop\new_train\training_residuals\residuals_stress\G4_S_L\ip_frst_Arc_defect_all_tracks_111\stress_residual.csv,4,S,L,train,30,balanced_regime_search_1000cands_12_2_2,v2_balanced
95,5,ip_frst_Arc_defect_all_tracks_111,G4_W_H,ip_frst_Arc_defect_all_tracks_111,C:\Users\Priyanshu\Desktop\new_train\training_residuals\events_equivstress\G4_W_H\ip_frst_Arc_defect_all_tracks_111\events_topk.csv,1093,36440,1093,3.0,0.0,0.03,1000,10000,C:\Users\Priyanshu\Desktop\new_train\training_residuals\residuals_stress\G4_W_H\ip_frst_Arc_defect_all_tracks_111\stress_residual.csv,4,W,H,train,30,balanced_regime_search_1000cands_12_2_2,v2_balanced
96,5,ip_frst_Arc_defect_all_tracks_111,G4_W_L,ip_frst_Arc_defect_all_tracks_111,C:\Users\Priyanshu\Desktop\new_train\training_residuals\events_equivstress\G4_W_L\ip_frst_Arc_defect_all_tracks_111\events_topk.csv,1031,34359,1031,3.0,0.0,0.03,1000,10000,C:\Users\Priyanshu\Desktop\new_train\training_residuals\residuals_stress\G4_W_L\ip_frst_Arc_defect_all_tracks_111\stress_residual.csv,4,W,L,train,30,balanced_regime_search_1000cands_12_2_2,v2_balanced
