run_csv_path,perfect_csv_path,regime_key,case_name,case_type,residual_csv_path,metadata_path,n_nodes_merged,max_abs_residual_overall,status
C:\Users\Priyanshu\Desktop\new_train\One_train_1st_track\Summer\Big_train\ip_1and3line_3_arc_78910\Results\combined_8results_10timesteps.csv,C:\Users\Priyanshu\Desktop\new_train\One_train_1st_track\Summer\Big_train\Perfect_Structure\Results\combined_8results_10timesteps.csv,G1_S_H,ip_1and3line_3_arc_78910,IMPERFECT,C:\Users\Priyanshu\Desktop\new_train\training_residuals\residuals_disp\G1_S_H\ip_1and3line_3_arc_78910\disp_residual.csv,C:\Users\Priyanshu\Desktop\new_train\training_residuals\residuals_disp\G1_S_H\ip_1and3line_3_arc_78910\metadata.json,24366,7.999999965767,OK
C:\Users\Priyanshu\Desktop\new_train\One_train_1st_track\Summer\Big_train\Ip_1track_1_arc_345\Results\combined_8results_10timesteps.csv,C:\Users\Priyanshu\Desktop\new_train\One_train_1st_track\Summer\Big_train\Perfect_Structure\Results\combined_8results_10timesteps.csv,G1_S_H,Ip_1track_1_arc_345,IMPERFECT,C:\Users\Priyanshu\Desktop\new_train\training_residuals\residuals_disp\G1_S_H\Ip_1track_1_arc_345\disp_residual.csv,C:\Users\Priyanshu\Desktop\new_train\training_residuals\residuals_disp\G1_S_H\Ip_1track_1_arc_345\metadata.json,24366,8.000000030196,OK
C:\Users\Priyanshu\Desktop\new_train\One_train_1st_track\Summer\Big_train\ip_2_arc_all_tracks_222\Results\combined_8results_10timesteps.csv,C:\Users\Priyanshu\Desktop\new_train\One_train_1st_track\Summer\Big_train\Perfect_Structure\Results\combined_8results_10timesteps.csv,G1_S_H,ip_2_arc_all_tracks_222,IMPERFECT,C:\Users\Priyanshu\Desktop\new_train\training_residuals\residuals_disp\G1_S_H\ip_2_arc_all_tracks_222\disp_residual.csv,C:\Users\Priyanshu\Desktop\new_train\training_residuals\residuals_disp\G1_S_H\ip_2_arc_all_tracks_222\metadata.json,24366,7.999999930588,OK
C:\Users\Priyanshu\Desktop\new_train\One_train_1st_track\Summer\Big_train\ip_3track_1_arc_678\Results\combined_8results_10timesteps.csv,C:\Users\Priyanshu\Desktop\new_train\One_train_1st_track\Summer\Big_train\Perfect_Structure\Results\combined_8results_10timesteps.csv,G1_S_H,ip_3track_1_arc_678,IMPERFECT,C:\Users\Priyanshu\Desktop\new_train\training_residuals\residuals_disp\G1_S_H\ip_3track_1_arc_678\disp_residual.csv,C:\Users\Priyanshu\Desktop\new_train\training_residuals\residuals_disp\G1_S_H\ip_3track_1_arc_678\metadata.json,24366,8.000000089819,OK
C:\Users\Priyanshu\Desktop\new_train\One_train_1st_track\Summer\Big_train\ip_first_track_3arc_78910\Results\combined_8results_10timesteps.csv,C:\Users\Priyanshu\Desktop\new_train\One_train_1st_track\Summer\Big_train\Perfect_Structure\Results\combined_8results_10timesteps.csv,G1_S_H,ip_first_track_3arc_78910,IMPERFECT,C:\Users\Priyanshu\Desktop\new_train\training_residuals\residuals_disp\G1_S_H\ip_first_track_3arc_78910\disp_residual.csv,C:\Users\Priyanshu\Desktop\new_train\training_residuals\residuals_disp\G1_S_H\ip_first_track_3arc_78910\metadata.json,24366,7.999999930364,OK
C:\Users\Priyanshu\Desktop\new_train\One_train_1st_track\Summer\Big_train\ip_frst_Arc_defect_all_tracks_111\Results\combined_8results_10timesteps.csv,C:\Users\Priyanshu\Desktop\new_train\One_train_1st_track\Summer\Big_train\Perfect_Structure\Results\combined_8results_10timesteps.csv,G1_S_H,ip_frst_Arc_defect_all_tracks_111,IMPERFECT,C:\Users\Priyanshu\Desktop\new_train\training_residuals\residuals_disp\G1_S_H\ip_frst_Arc_defect_all_tracks_111\disp_residual.csv,C:\Users\Priyanshu\Desktop\new_train\training_residuals\residuals_disp\G1_S_H\ip_frst_Arc_defect_all_tracks_111\metadata.json,24366,7.999999929522,OK
C:\Users\Priyanshu\Desktop\new_train\One_train_1st_track\Summer\Big_train\Perfect_Structure\Results\combined_8results_10timesteps.csv,C:\Users\Priyanshu\Desktop\new_train\One_train_1st_track\Summer\Big_train\Perfect_Structure\Results\combined_8results_10timesteps.csv,G1_S_H,Perfect_structure,PERFECT,C:\Users\Priyanshu\Desktop\new_train\training_residuals\residuals_disp\G1_S_H\Perfect_structure\disp_residual.csv,C:\Users\Priyanshu\Desktop\new_train\training_residuals\residuals_disp\G1_S_H\Perfect_structure\metadata.json,24366,0.0,OK
C:\Users\Priyanshu\Desktop\new_train\One_train_1st_track\Summer\Small_train\ip_1and3line_3_arc_78910\Results\combined_8results_10timesteps.csv,C:\Users\Priyanshu\Desktop\new_train\One_train_1st_track\Summer\Small_train\Perfect_Structure\Results\combined_8results_10timesteps.csv,G1_S_L,ip_1and3line_3_arc_78910,IMPERFECT,C:\Users\Priyanshu\Desktop\new_train\training_residuals\residuals_disp\G1_S_L\ip_1and3line_3_arc_78910\disp_residual.csv,C:\Users\Priyanshu\Desktop\new_train\training_residuals\residuals_disp\G1_S_L\ip_1and3line_3_arc_78910\metadata.json,24366,11.99999999949114,OK
C:\Users\Priyanshu\Desktop\new_train\One_train_1st_track\Summer\Small_train\Ip_1track_1_arc_345\Results\combined_8results_10timesteps.csv,C:\Users\Priyanshu\Desktop\new_train\One_train_1st_track\Summer\Small_train\Perfect_Structure\Results\combined_8results_10timesteps.csv,G1_S_L,Ip_1track_1_arc_345,IMPERFECT,C:\Users\Priyanshu\Desktop\new_train\training_residuals\residuals_disp\G1_S_L\Ip_1track_1_arc_345\disp_residual.csv,C:\Users\Priyanshu\Desktop\new_train\training_residuals\residuals_disp\G1_S_L\Ip_1track_1_arc_345\metadata.json,24366,12.0000000015251,OK
C:\Users\Priyanshu\Desktop\new_train\One_train_1st_track\Summer\Small_train\ip_2_arc_all_tracks_222\Results\combined_8results_10timesteps.csv,C:\Users\Priyanshu\Desktop\new_train\One_train_1st_track\Summer\Small_train\Perfect_Structure\Results\combined_8results_10timesteps.csv,G1_S_L,ip_2_arc_all_tracks_222,IMPERFECT,C:\Users\Priyanshu\Desktop\new_train\training_residuals\residuals_disp\G1_S_L\ip_2_arc_all_tracks_222\disp_residual.csv,C:\Users\Priyanshu\Desktop\new_train\training_residuals\residuals_disp\G1_S_L\ip_2_arc_all_tracks_222\metadata.json,24366,11.9999999987429,OK
C:\Users\Priyanshu\Desktop\new_train\One_train_1st_track\Summer\Small_train\ip_3track_1_arc_678\Results\combined_8results_10timesteps.csv,C:\Users\Priyanshu\Desktop\new_train\One_train_1st_track\Summer\Small_train\Perfect_Structure\Results\combined_8results_10timesteps.csv,G1_S_L,ip_3track_1_arc_678,IMPERFECT,C:\Users\Priyanshu\Desktop\new_train\training_residuals\residuals_disp\G1_S_L\ip_3track_1_arc_678\disp_residual.csv,C:\Users\Priyanshu\Desktop\new_train\training_residuals\residuals_disp\G1_S_L\ip_3track_1_arc_678\metadata.json,24366,11.9999999983049,OK
C:\Users\Priyanshu\Desktop\new_train\One_train_1st_track\Summer\Small_train\ip_first_track_3arc_78910\Results\combined_8results_10timesteps.csv,C:\Users\Priyanshu\Desktop\new_train\One_train_1st_track\Summer\Small_train\Perfect_Structure\Results\combined_8results_10timesteps.csv,G1_S_L,ip_first_track_3arc_78910,IMPERFECT,C:\Users\Priyanshu\Desktop\new_train\training_residuals\residuals_disp\G1_S_L\ip_first_track_3arc_78910\disp_residual.csv,C:\Users\Priyanshu\Desktop\new_train\training_residuals\residuals_disp\G1_S_L\ip_first_track_3arc_78910\metadata.json,24366,12.0000000065996,OK
C:\Users\Priyanshu\Desktop\new_train\One_train_1st_track\Summer\Small_train\ip_frst_Arc_defect_all_tracks_111\Results\combined_8results_10timesteps.csv,C:\Users\Priyanshu\Desktop\new_train\One_train_1st_track\Summer\Small_train\Perfect_Structure\Results\combined_8results_10timesteps.csv,G1_S_L,ip_frst_Arc_defect_all_tracks_111,IMPERFECT,C:\Users\Priyanshu\Desktop\new_train\training_residuals\residuals_disp\G1_S_L\ip_frst_Arc_defect_all_tracks_111\disp_residual.csv,C:\Users\Priyanshu\Desktop\new_train\training_residuals\residuals_disp\G1_S_L\ip_frst_Arc_defect_all_tracks_111\metadata.json,24366,11.9999999989805,OK
C:\Users\Priyanshu\Desktop\new_train\One_train_1st_track\Summer\Small_train\Perfect_Structure\Results\combined_8results_10timesteps.csv,C:\Users\Priyanshu\Desktop\new_train\One_train_1st_track\Summer\Small_train\Perfect_Structure\Results\combined_8results_10timesteps.csv,G1_S_L,Perfect_structure,PERFECT,C:\Users\Priyanshu\Desktop\new_train\training_residuals\residuals_disp\G1_S_L\Perfect_structure\disp_residual.csv,C:\Users\Priyanshu\Desktop\new_train\training_residuals\residuals_disp\G1_S_L\Perfect_structure\metadata.json,24366,0.0,OK
C:\Users\Priyanshu\Desktop\new_train\One_train_1st_track\Winter\Big_train\ip_1and3line_3_arc_78910\Results\combined_8results_10timesteps.csv,C:\Users\Priyanshu\Desktop\new_train\One_train_1st_track\Winter\Big_train\Perfect_Structure\Results\combined_8results_10timesteps.csv,G1_W_H,ip_1and3line_3_arc_78910,IMPERFECT,C:\Users\Priyanshu\Desktop\new_train\training_residuals\residuals_disp\G1_W_H\ip_1and3line_3_arc_78910\disp_residual.csv,C:\Users\Priyanshu\Desktop\new_train\training_residuals\residuals_disp\G1_W_H\ip_1and3line_3_arc_78910\metadata.json,24366,8.0000000731,OK
C:\Users\Priyanshu\Desktop\new_train\One_train_1st_track\Winter\Big_train\Ip_1track_1_arc_345\Results\combined_8results_10timesteps.csv,C:\Users\Priyanshu\Desktop\new_train\One_train_1st_track\Winter\Big_train\Perfect_Structure\Results\combined_8results_10timesteps.csv,G1_W_H,Ip_1track_1_arc_345,IMPERFECT,C:\Users\Priyanshu\Desktop\new_train\training_residuals\residuals_disp\G1_W_H\Ip_1track_1_arc_345\disp_residual.csv,C:\Users\Priyanshu\Desktop\new_train\training_residuals\residuals_disp\G1_W_H\Ip_1track_1_arc_345\metadata.json,24366,8.00000026112,OK
C:\Users\Priyanshu\Desktop\new_train\One_train_1st_track\Winter\Big_train\ip_2_arc_all_tracks_222\Results\combined_8results_10timesteps.csv,C:\Users\Priyanshu\Desktop\new_train\One_train_1st_track\Winter\Big_train\Perfect_Structure\Results\combined_8results_10timesteps.csv,G1_W_H,ip_2_arc_all_tracks_222,IMPERFECT,C:\Users\Priyanshu\Desktop\new_train\training_residuals\residuals_disp\G1_W_H\ip_2_arc_all_tracks_222\disp_residual.csv,C:\Users\Priyanshu\Desktop\new_train\training_residuals\residuals_disp\G1_W_H\ip_2_arc_all_tracks_222\metadata.json,24366,8.000000080886,OK
C:\Users\Priyanshu\Desktop\new_train\One_train_1st_track\Winter\Big_train\ip_3track_1_arc_678\Results\combined_8results_10timesteps.csv,C:\Users\Priyanshu\Desktop\new_train\One_train_1st_track\Winter\Big_train\Perfect_Structure\Results\combined_8results_10timesteps.csv,G1_W_H,ip_3track_1_arc_678,IMPERFECT,C:\Users\Priyanshu\Desktop\new_train\training_residuals\residuals_disp\G1_W_H\ip_3track_1_arc_678\disp_residual.csv,C:\Users\Priyanshu\Desktop\new_train\training_residuals\residuals_disp\G1_W_H\ip_3track_1_arc_678\metadata.json,24366,8.00000058115,OK
C:\Users\Priyanshu\Desktop\new_train\One_train_1st_track\Winter\Big_train\ip_first_track_3arc_78910\Results\combined_8results_10timesteps.csv,C:\Users\Priyanshu\Desktop\new_train\One_train_1st_track\Winter\Big_train\Perfect_Structure\Results\combined_8results_10timesteps.csv,G1_W_H,ip_first_track_3arc_78910,IMPERFECT,C:\Users\Priyanshu\Desktop\new_train\training_residuals\residuals_disp\G1_W_H\ip_first_track_3arc_78910\disp_residual.csv,C:\Users\Priyanshu\Desktop\new_train\training_residuals\residuals_disp\G1_W_H\ip_first_track_3arc_78910\metadata.json,24366,8.000000076556,OK
C:\Users\Priyanshu\Desktop\new_train\One_train_1st_track\Winter\Big_train\ip_frst_Arc_defect_all_tracks_111\Results\combined_8results_10timesteps.csv,C:\Users\Priyanshu\Desktop\new_train\One_train_1st_track\Winter\Big_train\Perfect_Structure\Results\combined_8results_10timesteps.csv,G1_W_H,ip_frst_Arc_defect_all_tracks_111,IMPERFECT,C:\Users\Priyanshu\Desktop\new_train\training_residuals\residuals_disp\G1_W_H\ip_frst_Arc_defect_all_tracks_111\disp_residual.csv,C:\Users\Priyanshu\Desktop\new_train\training_residuals\residuals_disp\G1_W_H\ip_frst_Arc_defect_all_tracks_111\metadata.json,24366,8.00000011806,OK
C:\Users\Priyanshu\Desktop\new_train\One_train_1st_track\Winter\Big_train\Perfect_Structure\Results\combined_8results_10timesteps.csv,C:\Users\Priyanshu\Desktop\new_train\One_train_1st_track\Winter\Big_train\Perfect_Structure\Results\combined_8results_10timesteps.csv,G1_W_H,Perfect_structure,PERFECT,C:\Users\Priyanshu\Desktop\new_train\training_residuals\residuals_disp\G1_W_H\Perfect_structure\disp_residual.csv,C:\Users\Priyanshu\Desktop\new_train\training_residuals\residuals_disp\G1_W_H\Perfect_structure\metadata.json,24366,0.0,OK
C:\Users\Priyanshu\Desktop\new_train\One_train_1st_track\Winter\Small_train\ip_1and3line_3_arc_78910\Results\combined_8results_10timesteps.csv,C:\Users\Priyanshu\Desktop\new_train\One_train_1st_track\Winter\Small_train\Perfect_Structure\Results\combined_8results_10timesteps.csv,G1_W_L,ip_1and3line_3_arc_78910,IMPERFECT,C:\Users\Priyanshu\Desktop\new_train\training_residuals\residuals_disp\G1_W_L\ip_1and3line_3_arc_78910\disp_residual.csv,C:\Users\Priyanshu\Desktop\new_train\training_residuals\residuals_disp\G1_W_L\ip_1and3line_3_arc_78910\metadata.json,24366,7.999999979796,OK
C:\Users\Priyanshu\Desktop\new_train\One_train_1st_track\Winter\Small_train\Ip_1track_1_arc_345\Results\combined_8results_10timesteps.csv,C:\Users\Priyanshu\Desktop\new_train\One_train_1st_track\Winter\Small_train\Perfect_Structure\Results\combined_8results_10timesteps.csv,G1_W_L,Ip_1track_1_arc_345,IMPERFECT,C:\Users\Priyanshu\Desktop\new_train\training_residuals\residuals_disp\G1_W_L\Ip_1track_1_arc_345\disp_residual.csv,C:\Users\Priyanshu\Desktop\new_train\training_residuals\residuals_disp\G1_W_L\Ip_1track_1_arc_345\metadata.json,24366,7.00000040032,OK
C:\Users\Priyanshu\Desktop\new_train\One_train_1st_track\Winter\Small_train\ip_2_arc_all_tracks_222\Results\combined_8results_10timesteps.csv,C:\Users\Priyanshu\Desktop\new_train\One_train_1st_track\Winter\Small_train\Perfect_Structure\Results\combined_8results_10timesteps.csv,G1_W_L,ip_2_arc_all_tracks_222,IMPERFECT,C:\Users\Priyanshu\Desktop\new_train\training_residuals\residuals_disp\G1_W_L\ip_2_arc_all_tracks_222\disp_residual.csv,C:\Users\Priyanshu\Desktop\new_train\training_residuals\residuals_disp\G1_W_L\ip_2_arc_all_tracks_222\metadata.json,24366,7.00000069777,OK
C:\Users\Priyanshu\Desktop\new_train\One_train_1st_track\Winter\Small_train\ip_3track_1_arc_678\Results\combined_8results_10timesteps.csv,C:\Users\Priyanshu\Desktop\new_train\One_train_1st_track\Winter\Small_train\Perfect_Structure\Results\combined_8results_10timesteps.csv,G1_W_L,ip_3track_1_arc_678,IMPERFECT,C:\Users\Priyanshu\Desktop\new_train\training_residuals\residuals_disp\G1_W_L\ip_3track_1_arc_678\disp_residual.csv,C:\Users\Priyanshu\Desktop\new_train\training_residuals\residuals_disp\G1_W_L\ip_3track_1_arc_678\metadata.json,24366,7.999999939443,OK
C:\Users\Priyanshu\Desktop\new_train\One_train_1st_track\Winter\Small_train\ip_first_track_3arc_78910\Results\combined_8results_10timesteps.csv,C:\Users\Priyanshu\Desktop\new_train\One_train_1st_track\Winter\Small_train\Perfect_Structure\Results\combined_8results_10timesteps.csv,G1_W_L,ip_first_track_3arc_78910,IMPERFECT,C:\Users\Priyanshu\Desktop\new_train\training_residuals\residuals_disp\G1_W_L\ip_first_track_3arc_78910\disp_residual.csv,C:\Users\Priyanshu\Desktop\new_train\training_residuals\residuals_disp\G1_W_L\ip_first_track_3arc_78910\metadata.json,24366,7.0000007962,OK
C:\Users\Priyanshu\Desktop\new_train\One_train_1st_track\Winter\Small_train\ip_frst_Arc_defect_all_tracks_111\Results\combined_8results_10timesteps.csv,C:\Users\Priyanshu\Desktop\new_train\One_train_1st_track\Winter\Small_train\Perfect_Structure\Results\combined_8results_10timesteps.csv,G1_W_L,ip_frst_Arc_defect_all_tracks_111,IMPERFECT,C:\Users\Priyanshu\Desktop\new_train\training_residuals\residuals_disp\G1_W_L\ip_frst_Arc_defect_all_tracks_111\disp_residual.csv,C:\Users\Priyanshu\Desktop\new_train\training_residuals\residuals_disp\G1_W_L\ip_frst_Arc_defect_all_tracks_111\metadata.json,24366,8.000000072156,OK
C:\Users\Priyanshu\Desktop\new_train\One_train_1st_track\Winter\Small_train\Perfect_Structure\Results\combined_8results_10timesteps.csv,C:\Users\Priyanshu\Desktop\new_train\One_train_1st_track\Winter\Small_train\Perfect_Structure\Results\combined_8results_10timesteps.csv,G1_W_L,Perfect_structure,PERFECT,C:\Users\Priyanshu\Desktop\new_train\training_residuals\residuals_disp\G1_W_L\Perfect_structure\disp_residual.csv,C:\Users\Priyanshu\Desktop\new_train\training_residuals\residuals_disp\G1_W_L\Perfect_structure\metadata.json,24366,0.0,OK
C:\Users\Priyanshu\Desktop\new_train\One_train_middle_track\Summer\Big_train\ip_1and3line_3_arc_78910\Results\combined_8results_10timesteps.csv,C:\Users\Priyanshu\Desktop\new_train\One_train_middle_track\Summer\Big_train\Perfect_Structure\Results\combined_8results_10timesteps.csv,G2_S_H,ip_1and3line_3_arc_78910,IMPERFECT,C:\Users\Priyanshu\Desktop\new_train\training_residuals\residuals_disp\G2_S_H\ip_1and3line_3_arc_78910\disp_residual.csv,C:\Users\Priyanshu\Desktop\new_train\training_residuals\residuals_disp\G2_S_H\ip_1and3line_3_arc_78910\metadata.json,24366,7.999999979231,OK
C:\Users\Priyanshu\Desktop\new_train\One_train_middle_track\Summer\Big_train\Ip_1track_1_arc_345\Results\combined_8results_10timesteps.csv,C:\Users\Priyanshu\Desktop\new_train\One_train_middle_track\Summer\Big_train\Perfect_Structure\Results\combined_8results_10timesteps.csv,G2_S_H,Ip_1track_1_arc_345,IMPERFECT,C:\Users\Priyanshu\Desktop\new_train\training_residuals\residuals_disp\G2_S_H\Ip_1track_1_arc_345\disp_residual.csv,C:\Users\Priyanshu\Desktop\new_train\training_residuals\residuals_disp\G2_S_H\Ip_1track_1_arc_345\metadata.json,24366,9.0000000081378,OK
C:\Users\Priyanshu\Desktop\new_train\One_train_middle_track\Summer\Big_train\ip_2_arc_all_tracks_222\Results\combined_8results_10timesteps.csv,C:\Users\Priyanshu\Desktop\new_train\One_train_middle_track\Summer\Big_train\Perfect_Structure\Results\combined_8results_10timesteps.csv,G2_S_H,ip_2_arc_all_tracks_222,IMPERFECT,C:\Users\Priyanshu\Desktop\new_train\training_residuals\residuals_disp\G2_S_H\ip_2_arc_all_tracks_222\disp_residual.csv,C:\Users\Priyanshu\Desktop\new_train\training_residuals\residuals_disp\G2_S_H\ip_2_arc_all_tracks_222\metadata.json,24366,8.000000056767,OK
C:\Users\Priyanshu\Desktop\new_train\One_train_middle_track\Summer\Big_train\ip_3track_1_arc_678\Results\combined_8results_10timesteps.csv,C:\Users\Priyanshu\Desktop\new_train\One_train_middle_track\Summer\Big_train\Perfect_Structure\Results\combined_8results_10timesteps.csv,G2_S_H,ip_3track_1_arc_678,IMPERFECT,C:\Users\Priyanshu\Desktop\new_train\training_residuals\residuals_disp\G2_S_H\ip_3track_1_arc_678\disp_residual.csv,C:\Users\Priyanshu\Desktop\new_train\training_residuals\residuals_disp\G2_S_H\ip_3track_1_arc_678\metadata.json,24366,7.999999978255,OK
C:\Users\Priyanshu\Desktop\new_train\One_train_middle_track\Summer\Big_train\ip_first_track_3arc_78910\Results\combined_8results_10timesteps.csv,C:\Users\Priyanshu\Desktop\new_train\One_train_middle_track\Summer\Big_train\Perfect_Structure\Results\combined_8results_10timesteps.csv,G2_S_H,ip_first_track_3arc_78910,IMPERFECT,C:\Users\Priyanshu\Desktop\new_train\training_residuals\residuals_disp\G2_S_H\ip_first_track_3arc_78910\disp_residual.csv,C:\Users\Priyanshu\Desktop\new_train\training_residuals\residuals_disp\G2_S_H\ip_first_track_3arc_78910\metadata.json,24366,8.000000019997,OK
C:\Users\Priyanshu\Desktop\new_train\One_train_middle_track\Summer\Big_train\ip_frst_Arc_defect_all_tracks_111\Results\combined_8results_10timesteps.csv,C:\Users\Priyanshu\Desktop\new_train\One_train_middle_track\Summer\Big_train\Perfect_Structure\Results\combined_8results_10timesteps.csv,G2_S_H,ip_frst_Arc_defect_all_tracks_111,IMPERFECT,C:\Users\Priyanshu\Desktop\new_train\training_residuals\residuals_disp\G2_S_H\ip_frst_Arc_defect_all_tracks_111\disp_residual.csv,C:\Users\Priyanshu\Desktop\new_train\training_residuals\residuals_disp\G2_S_H\ip_frst_Arc_defect_all_tracks_111\metadata.json,24366,8.9999999982072,OK
C:\Users\Priyanshu\Desktop\new_train\One_train_middle_track\Summer\Big_train\Perfect_Structure\Results\combined_8results_10timesteps.csv,C:\Users\Priyanshu\Desktop\new_train\One_train_middle_track\Summer\Big_train\Perfect_Structure\Results\combined_8results_10timesteps.csv,G2_S_H,Perfect_structure,PERFECT,C:\Users\Priyanshu\Desktop\new_train\training_residuals\residuals_disp\G2_S_H\Perfect_structure\disp_residual.csv,C:\Users\Priyanshu\Desktop\new_train\training_residuals\residuals_disp\G2_S_H\Perfect_structure\metadata.json,24366,0.0,OK
C:\Users\Priyanshu\Desktop\new_train\One_train_middle_track\Summer\Small_train\ip_1and3line_3_arc_78910\Results\combined_8results_10timesteps.csv,C:\Users\Priyanshu\Desktop\new_train\One_train_middle_track\Summer\Small_train\Perfect_Structure\Results\combined_8results_10timesteps.csv,G2_S_L,ip_1and3line_3_arc_78910,IMPERFECT,C:\Users\Priyanshu\Desktop\new_train\training_residuals\residuals_disp\G2_S_L\ip_1and3line_3_arc_78910\disp_residual.csv,C:\Users\Priyanshu\Desktop\new_train\training_residuals\residuals_disp\G2_S_L\ip_1and3line_3_arc_78910\metadata.json,24366,8.00000010385,OK
C:\Users\Priyanshu\Desktop\new_train\One_train_middle_track\Summer\Small_train\Ip_1track_1_arc_345\Results\combined_8results_10timesteps.csv,C:\Users\Priyanshu\Desktop\new_train\One_train_middle_track\Summer\Small_train\Perfect_Structure\Results\combined_8results_10timesteps.csv,G2_S_L,Ip_1track_1_arc_345,IMPERFECT,C:\Users\Priyanshu\Desktop\new_train\training_residuals\residuals_disp\G2_S_L\Ip_1track_1_arc_345\disp_residual.csv,C:\Users\Priyanshu\Desktop\new_train\training_residuals\residuals_disp\G2_S_L\Ip_1track_1_arc_345\metadata.json,24366,9.0000000016277,OK
C:\Users\Priyanshu\Desktop\new_train\One_train_middle_track\Summer\Small_train\ip_2_arc_all_tracks_222\Results\combined_8results_10timesteps.csv,C:\Users\Priyanshu\Desktop\new_train\One_train_middle_track\Summer\Small_train\Perfect_Structure\Results\combined_8results_10timesteps.csv,G2_S_L,ip_2_arc_all_tracks_222,IMPERFECT,C:\Users\Priyanshu\Desktop\new_train\training_residuals\residuals_disp\G2_S_L\ip_2_arc_all_tracks_222\disp_residual.csv,C:\Users\Priyanshu\Desktop\new_train\training_residuals\residuals_disp\G2_S_L\ip_2_arc_all_tracks_222\metadata.json,24366,8.000000079807,OK
C:\Users\Priyanshu\Desktop\new_train\One_train_middle_track\Summer\Small_train\ip_3track_1_arc_678\Results\combined_8results_10timesteps.csv,C:\Users\Priyanshu\Desktop\new_train\One_train_middle_track\Summer\Small_train\Perfect_Structure\Results\combined_8results_10timesteps.csv,G2_S_L,ip_3track_1_arc_678,IMPERFECT,C:\Users\Priyanshu\Desktop\new_train\training_residuals\residuals_disp\G2_S_L\ip_3track_1_arc_678\disp_residual.csv,C:\Users\Priyanshu\Desktop\new_train\training_residuals\residuals_disp\G2_S_L\ip_3track_1_arc_678\metadata.json,24366,8.00000014343,OK
C:\Users\Priyanshu\Desktop\new_train\One_train_middle_track\Summer\Small_train\ip_first_track_3arc_78910\Results\combined_8results_10timesteps.csv,C:\Users\Priyanshu\Desktop\new_train\One_train_middle_track\Summer\Small_train\Perfect_Structure\Results\combined_8results_10timesteps.csv,G2_S_L,ip_first_track_3arc_78910,IMPERFECT,C:\Users\Priyanshu\Desktop\new_train\training_residuals\residuals_disp\G2_S_L\ip_first_track_3arc_78910\disp_residual.csv,C:\Users\Priyanshu\Desktop\new_train\training_residuals\residuals_disp\G2_S_L\ip_first_track_3arc_78910\metadata.json,24366,8.000000081506,OK
C:\Users\Priyanshu\Desktop\new_train\One_train_middle_track\Summer\Small_train\ip_frst_Arc_defect_all_tracks_111\Results\combined_8results_10timesteps.csv,C:\Users\Priyanshu\Desktop\new_train\One_train_middle_track\Summer\Small_train\Perfect_Structure\Results\combined_8results_10timesteps.csv,G2_S_L,ip_frst_Arc_defect_all_tracks_111,IMPERFECT,C:\Users\Priyanshu\Desktop\new_train\training_residuals\residuals_disp\G2_S_L\ip_frst_Arc_defect_all_tracks_111\disp_residual.csv,C:\Users\Priyanshu\Desktop\new_train\training_residuals\residuals_disp\G2_S_L\ip_frst_Arc_defect_all_tracks_111\metadata.json,24366,8.00000008423,OK
C:\Users\Priyanshu\Desktop\new_train\One_train_middle_track\Summer\Small_train\Perfect_Structure\Results\combined_8results_10timesteps.csv,C:\Users\Priyanshu\Desktop\new_train\One_train_middle_track\Summer\Small_train\Perfect_Structure\Results\combined_8results_10timesteps.csv,G2_S_L,Perfect_structure,PERFECT,C:\Users\Priyanshu\Desktop\new_train\training_residuals\residuals_disp\G2_S_L\Perfect_structure\disp_residual.csv,C:\Users\Priyanshu\Desktop\new_train\training_residuals\residuals_disp\G2_S_L\Perfect_structure\metadata.json,24366,0.0,OK
C:\Users\Priyanshu\Desktop\new_train\One_train_middle_track\Winter\Big_train\ip_1and3line_3_arc_78910\Results\combined_8results_10timesteps.csv,C:\Users\Priyanshu\Desktop\new_train\One_train_middle_track\Winter\Big_train\Perfect_Structure\Results\combined_8results_10timesteps.csv,G2_W_H,ip_1and3line_3_arc_78910,IMPERFECT,C:\Users\Priyanshu\Desktop\new_train\training_residuals\residuals_disp\G2_W_H\ip_1and3line_3_arc_78910\disp_residual.csv,C:\Users\Priyanshu\Desktop\new_train\training_residuals\residuals_disp\G2_W_H\ip_1and3line_3_arc_78910\metadata.json,24366,7.999999961612,OK
C:\Users\Priyanshu\Desktop\new_train\One_train_middle_track\Winter\Big_train\Ip_1track_1_arc_345\Results\combined_8results_10timesteps.csv,C:\Users\Priyanshu\Desktop\new_train\One_train_middle_track\Winter\Big_train\Perfect_Structure\Results\combined_8results_10timesteps.csv,G2_W_H,Ip_1track_1_arc_345,IMPERFECT,C:\Users\Priyanshu\Desktop\new_train\training_residuals\residuals_disp\G2_W_H\Ip_1track_1_arc_345\disp_residual.csv,C:\Users\Priyanshu\Desktop\new_train\training_residuals\residuals_disp\G2_W_H\Ip_1track_1_arc_345\metadata.json,24366,8.000000048664,OK
C:\Users\Priyanshu\Desktop\new_train\One_train_middle_track\Winter\Big_train\ip_2_arc_all_tracks_222\Results\combined_8results_10timesteps.csv,C:\Users\Priyanshu\Desktop\new_train\One_train_middle_track\Winter\Big_train\Perfect_Structure\Results\combined_8results_10timesteps.csv,G2_W_H,ip_2_arc_all_tracks_222,IMPERFECT,C:\Users\Priyanshu\Desktop\new_train\training_residuals\residuals_disp\G2_W_H\ip_2_arc_all_tracks_222\disp_residual.csv,C:\Users\Priyanshu\Desktop\new_train\training_residuals\residuals_disp\G2_W_H\ip_2_arc_all_tracks_222\metadata.json,24366,8.000000092415,OK
C:\Users\Priyanshu\Desktop\new_train\One_train_middle_track\Winter\Big_train\ip_3track_1_arc_678\Results\combined_8results_10timesteps.csv,C:\Users\Priyanshu\Desktop\new_train\One_train_middle_track\Winter\Big_train\Perfect_Structure\Results\combined_8results_10timesteps.csv,G2_W_H,ip_3track_1_arc_678,IMPERFECT,C:\Users\Priyanshu\Desktop\new_train\training_residuals\residuals_disp\G2_W_H\ip_3track_1_arc_678\disp_residual.csv,C:\Users\Priyanshu\Desktop\new_train\training_residuals\residuals_disp\G2_W_H\ip_3track_1_arc_678\metadata.json,24366,8.000000062957,OK
C:\Users\Priyanshu\Desktop\new_train\One_train_middle_track\Winter\Big_train\ip_first_track_3arc_78910\Results\combined_8results_10timesteps.csv,C:\Users\Priyanshu\Desktop\new_train\One_train_middle_track\Winter\Big_train\Perfect_Structure\Results\combined_8results_10timesteps.csv,G2_W_H,ip_first_track_3arc_78910,IMPERFECT,C:\Users\Priyanshu\Desktop\new_train\training_residuals\residuals_disp\G2_W_H\ip_first_track_3arc_78910\disp_residual.csv,C:\Users\Priyanshu\Desktop\new_train\training_residuals\residuals_disp\G2_W_H\ip_first_track_3arc_78910\metadata.json,24366,8.000000014881,OK
C:\Users\Priyanshu\Desktop\new_train\One_train_middle_track\Winter\Big_train\ip_frst_Arc_defect_all_tracks_111\Results\combined_8results_10timesteps.csv,C:\Users\Priyanshu\Desktop\new_train\One_train_middle_track\Winter\Big_train\Perfect_Structure\Results\combined_8results_10timesteps.csv,G2_W_H,ip_frst_Arc_defect_all_tracks_111,IMPERFECT,C:\Users\Priyanshu\Desktop\new_train\training_residuals\residuals_disp\G2_W_H\ip_frst_Arc_defect_all_tracks_111\disp_residual.csv,C:\Users\Priyanshu\Desktop\new_train\training_residuals\residuals_disp\G2_W_H\ip_frst_Arc_defect_all_tracks_111\metadata.json,24366,7.99999994977,OK
C:\Users\Priyanshu\Desktop\new_train\One_train_middle_track\Winter\Big_train\Perfect_Structure\Results\combined_8results_10timesteps.csv,C:\Users\Priyanshu\Desktop\new_train\One_train_middle_track\Winter\Big_train\Perfect_Structure\Results\combined_8results_10timesteps.csv,G2_W_H,Perfect_structure,PERFECT,C:\Users\Priyanshu\Desktop\new_train\training_residuals\residuals_disp\G2_W_H\Perfect_structure\disp_residual.csv,C:\Users\Priyanshu\Desktop\new_train\training_residuals\residuals_disp\G2_W_H\Perfect_structure\metadata.json,24366,0.0,OK
C:\Users\Priyanshu\Desktop\new_train\One_train_middle_track\Winter\Small_train\ip_1and3line_3_arc_78910\Results\combined_8results_10timesteps.csv,C:\Users\Priyanshu\Desktop\new_train\One_train_middle_track\Winter\Small_train\Perfect_Structure\Results\combined_8results_10timesteps.csv,G2_W_L,ip_1and3line_3_arc_78910,IMPERFECT,C:\Users\Priyanshu\Desktop\new_train\training_residuals\residuals_disp\G2_W_L\ip_1and3line_3_arc_78910\disp_residual.csv,C:\Users\Priyanshu\Desktop\new_train\training_residuals\residuals_disp\G2_W_L\ip_1and3line_3_arc_78910\metadata.json,24366,7.999999959278,OK
C:\Users\Priyanshu\Desktop\new_train\One_train_middle_track\Winter\Small_train\Ip_1track_1_arc_345\Results\combined_8results_10timesteps.csv,C:\Users\Priyanshu\Desktop\new_train\One_train_middle_track\Winter\Small_train\Perfect_Structure\Results\combined_8results_10timesteps.csv,G2_W_L,Ip_1track_1_arc_345,IMPERFECT,C:\Users\Priyanshu\Desktop\new_train\training_residuals\residuals_disp\G2_W_L\Ip_1track_1_arc_345\disp_residual.csv,C:\Users\Priyanshu\Desktop\new_train\training_residuals\residuals_disp\G2_W_L\Ip_1track_1_arc_345\metadata.json,24366,8.000000068513,OK
C:\Users\Priyanshu\Desktop\new_train\One_train_middle_track\Winter\Small_train\ip_2_arc_all_tracks_222\Results\combined_8results_10timesteps.csv,C:\Users\Priyanshu\Desktop\new_train\One_train_middle_track\Winter\Small_train\Perfect_Structure\Results\combined_8results_10timesteps.csv,G2_W_L,ip_2_arc_all_tracks_222,IMPERFECT,C:\Users\Priyanshu\Desktop\new_train\training_residuals\residuals_disp\G2_W_L\ip_2_arc_all_tracks_222\disp_residual.csv,C:\Users\Priyanshu\Desktop\new_train\training_residuals\residuals_disp\G2_W_L\ip_2_arc_all_tracks_222\metadata.json,24366,8.9999999979502,OK
C:\Users\Priyanshu\Desktop\new_train\One_train_middle_track\Winter\Small_train\ip_3track_1_arc_678\Results\combined_8results_10timesteps.csv,C:\Users\Priyanshu\Desktop\new_train\One_train_middle_track\Winter\Small_train\Perfect_Structure\Results\combined_8results_10timesteps.csv,G2_W_L,ip_3track_1_arc_678,IMPERFECT,C:\Users\Priyanshu\Desktop\new_train\training_residuals\residuals_disp\G2_W_L\ip_3track_1_arc_678\disp_residual.csv,C:\Users\Priyanshu\Desktop\new_train\training_residuals\residuals_disp\G2_W_L\ip_3track_1_arc_678\metadata.json,24366,8.000000071034,OK
C:\Users\Priyanshu\Desktop\new_train\One_train_middle_track\Winter\Small_train\ip_first_track_3arc_78910\Results\combined_8results_10timesteps.csv,C:\Users\Priyanshu\Desktop\new_train\One_train_middle_track\Winter\Small_train\Perfect_Structure\Results\combined_8results_10timesteps.csv,G2_W_L,ip_first_track_3arc_78910,IMPERFECT,C:\Users\Priyanshu\Desktop\new_train\training_residuals\residuals_disp\G2_W_L\ip_first_track_3arc_78910\disp_residual.csv,C:\Users\Priyanshu\Desktop\new_train\training_residuals\residuals_disp\G2_W_L\ip_first_track_3arc_78910\metadata.json,24366,8.00000017285,OK
C:\Users\Priyanshu\Desktop\new_train\One_train_middle_track\Winter\Small_train\ip_frst_Arc_defect_all_tracks_111\Results\combined_8results_10timesteps.csv,C:\Users\Priyanshu\Desktop\new_train\One_train_middle_track\Winter\Small_train\Perfect_Structure\Results\combined_8results_10timesteps.csv,G2_W_L,ip_frst_Arc_defect_all_tracks_111,IMPERFECT,C:\Users\Priyanshu\Desktop\new_train\training_residuals\residuals_disp\G2_W_L\ip_frst_Arc_defect_all_tracks_111\disp_residual.csv,C:\Users\Priyanshu\Desktop\new_train\training_residuals\residuals_disp\G2_W_L\ip_frst_Arc_defect_all_tracks_111\metadata.json,24366,7.999999978126,OK
C:\Users\Priyanshu\Desktop\new_train\One_train_middle_track\Winter\Small_train\Perfect_Structure\Results\combined_8results_10timesteps.csv,C:\Users\Priyanshu\Desktop\new_train\One_train_middle_track\Winter\Small_train\Perfect_Structure\Results\combined_8results_10timesteps.csv,G2_W_L,Perfect_structure,PERFECT,C:\Users\Priyanshu\Desktop\new_train\training_residuals\residuals_disp\G2_W_L\Perfect_structure\disp_residual.csv,C:\Users\Priyanshu\Desktop\new_train\training_residuals\residuals_disp\G2_W_L\Perfect_structure\metadata.json,24366,0.0,OK
C:\Users\Priyanshu\Desktop\new_train\Two_trains_extreme_track_different_direction\Summer\Big_train\ip_1and3line_3_arc_78910\Results\combined_8results_10timesteps.csv,C:\Users\Priyanshu\Desktop\new_train\Two_trains_extreme_track_different_direction\Summer\Big_train\Perfect_Structure\Results\combined_8results_10timesteps.csv,G3_S_H,ip_1and3line_3_arc_78910,IMPERFECT,C:\Users\Priyanshu\Desktop\new_train\training_residuals\residuals_disp\G3_S_H\ip_1and3line_3_arc_78910\disp_residual.csv,C:\Users\Priyanshu\Desktop\new_train\training_residuals\residuals_disp\G3_S_H\ip_1and3line_3_arc_78910\metadata.json,24366,9.00000000099903,OK
C:\Users\Priyanshu\Desktop\new_train\Two_trains_extreme_track_different_direction\Summer\Big_train\Ip_1track_1_arc_345\Results\combined_8results_10timesteps.csv,C:\Users\Priyanshu\Desktop\new_train\Two_trains_extreme_track_different_direction\Summer\Big_train\Perfect_Structure\Results\combined_8results_10timesteps.csv,G3_S_H,Ip_1track_1_arc_345,IMPERFECT,C:\Users\Priyanshu\Desktop\new_train\training_residuals\residuals_disp\G3_S_H\Ip_1track_1_arc_345\disp_residual.csv,C:\Users\Priyanshu\Desktop\new_train\training_residuals\residuals_disp\G3_S_H\Ip_1track_1_arc_345\metadata.json,24366,8.000000010009,OK
C:\Users\Priyanshu\Desktop\new_train\Two_trains_extreme_track_different_direction\Summer\Big_train\ip_2_arc_all_tracks_222\Results\combined_8results_10timesteps.csv,C:\Users\Priyanshu\Desktop\new_train\Two_trains_extreme_track_different_direction\Summer\Big_train\Perfect_Structure\Results\combined_8results_10timesteps.csv,G3_S_H,ip_2_arc_all_tracks_222,IMPERFECT,C:\Users\Priyanshu\Desktop\new_train\training_residuals\residuals_disp\G3_S_H\ip_2_arc_all_tracks_222\disp_residual.csv,C:\Users\Priyanshu\Desktop\new_train\training_residuals\residuals_disp\G3_S_H\ip_2_arc_all_tracks_222\metadata.json,24366,8.0000000098896,OK
C:\Users\Priyanshu\Desktop\new_train\Two_trains_extreme_track_different_direction\Summer\Big_train\ip_3track_1_arc_678\Results\combined_8results_10timesteps.csv,C:\Users\Priyanshu\Desktop\new_train\Two_trains_extreme_track_different_direction\Summer\Big_train\Perfect_Structure\Results\combined_8results_10timesteps.csv,G3_S_H,ip_3track_1_arc_678,IMPERFECT,C:\Users\Priyanshu\Desktop\new_train\training_residuals\residuals_disp\G3_S_H\ip_3track_1_arc_678\disp_residual.csv,C:\Users\Priyanshu\Desktop\new_train\training_residuals\residuals_disp\G3_S_H\ip_3track_1_arc_678\metadata.json,24366,8.000000009992,OK
C:\Users\Priyanshu\Desktop\new_train\Two_trains_extreme_track_different_direction\Summer\Big_train\ip_first_track_3arc_78910\Results\combined_8results_10timesteps.csv,C:\Users\Priyanshu\Desktop\new_train\Two_trains_extreme_track_different_direction\Summer\Big_train\Perfect_Structure\Results\combined_8results_10timesteps.csv,G3_S_H,ip_first_track_3arc_78910,IMPERFECT,C:\Users\Priyanshu\Desktop\new_train\training_residuals\residuals_disp\G3_S_H\ip_first_track_3arc_78910\disp_residual.csv,C:\Users\Priyanshu\Desktop\new_train\training_residuals\residuals_disp\G3_S_H\ip_first_track_3arc_78910\metadata.json,24366,8.000000066013,OK
C:\Users\Priyanshu\Desktop\new_train\Two_trains_extreme_track_different_direction\Summer\Big_train\ip_frst_Arc_defect_all_tracks_111\Results\combined_8results_10timesteps.csv,C:\Users\Priyanshu\Desktop\new_train\Two_trains_extreme_track_different_direction\Summer\Big_train\Perfect_Structure\Results\combined_8results_10timesteps.csv,G3_S_H,ip_frst_Arc_defect_all_tracks_111,IMPERFECT,C:\Users\Priyanshu\Desktop\new_train\training_residuals\residuals_disp\G3_S_H\ip_frst_Arc_defect_all_tracks_111\disp_residual.csv,C:\Users\Priyanshu\Desktop\new_train\training_residuals\residuals_disp\G3_S_H\ip_frst_Arc_defect_all_tracks_111\metadata.json,24366,8.00000001254,OK
C:\Users\Priyanshu\Desktop\new_train\Two_trains_extreme_track_different_direction\Summer\Big_train\Perfect_Structure\Results\combined_8results_10timesteps.csv,C:\Users\Priyanshu\Desktop\new_train\Two_trains_extreme_track_different_direction\Summer\Big_train\Perfect_Structure\Results\combined_8results_10timesteps.csv,G3_S_H,Perfect_structure,PERFECT,C:\Users\Priyanshu\Desktop\new_train\training_residuals\residuals_disp\G3_S_H\Perfect_structure\disp_residual.csv,C:\Users\Priyanshu\Desktop\new_train\training_residuals\residuals_disp\G3_S_H\Perfect_structure\metadata.json,24366,0.0,OK
C:\Users\Priyanshu\Desktop\new_train\Two_trains_extreme_track_different_direction\Summer\Small_train\ip_1and3line_3_arc_78910\Results\combined_8results_10timesteps.csv,C:\Users\Priyanshu\Desktop\new_train\Two_trains_extreme_track_different_direction\Summer\Small_train\Perfect_Structure\Results\combined_8results_10timesteps.csv,G3_S_L,ip_1and3line_3_arc_78910,IMPERFECT,C:\Users\Priyanshu\Desktop\new_train\training_residuals\residuals_disp\G3_S_L\ip_1and3line_3_arc_78910\disp_residual.csv,C:\Users\Priyanshu\Desktop\new_train\training_residuals\residuals_disp\G3_S_L\ip_1and3line_3_arc_78910\metadata.json,24366,9.0000000036475,OK
C:\Users\Priyanshu\Desktop\new_train\Two_trains_extreme_track_different_direction\Summer\Small_train\Ip_1track_1_arc_345\Results\combined_8results_10timesteps.csv,C:\Users\Priyanshu\Desktop\new_train\Two_trains_extreme_track_different_direction\Summer\Small_train\Perfect_Structure\Results\combined_8results_10timesteps.csv,G3_S_L,Ip_1track_1_arc_345,IMPERFECT,C:\Users\Priyanshu\Desktop\new_train\training_residuals\residuals_disp\G3_S_L\Ip_1track_1_arc_345\disp_residual.csv,C:\Users\Priyanshu\Desktop\new_train\training_residuals\residuals_disp\G3_S_L\Ip_1track_1_arc_345\metadata.json,24366,9.0000000037382,OK
C:\Users\Priyanshu\Desktop\new_train\Two_trains_extreme_track_different_direction\Summer\Small_train\ip_2_arc_all_tracks_222\Results\combined_8results_10timesteps.csv,C:\Users\Priyanshu\Desktop\new_train\Two_trains_extreme_track_different_direction\Summer\Small_train\Perfect_Structure\Results\combined_8results_10timesteps.csv,G3_S_L,ip_2_arc_all_tracks_222,IMPERFECT,C:\Users\Priyanshu\Desktop\new_train\training_residuals\residuals_disp\G3_S_L\ip_2_arc_all_tracks_222\disp_residual.csv,C:\Users\Priyanshu\Desktop\new_train\training_residuals\residuals_disp\G3_S_L\ip_2_arc_all_tracks_222\metadata.json,24366,9.0000000035759,OK
C:\Users\Priyanshu\Desktop\new_train\Two_trains_extreme_track_different_direction\Summer\Small_train\ip_3track_1_arc_678\Results\combined_8results_10timesteps.csv,C:\Users\Priyanshu\Desktop\new_train\Two_trains_extreme_track_different_direction\Summer\Small_train\Perfect_Structure\Results\combined_8results_10timesteps.csv,G3_S_L,ip_3track_1_arc_678,IMPERFECT,C:\Users\Priyanshu\Desktop\new_train\training_residuals\residuals_disp\G3_S_L\ip_3track_1_arc_678\disp_residual.csv,C:\Users\Priyanshu\Desktop\new_train\training_residuals\residuals_disp\G3_S_L\ip_3track_1_arc_678\metadata.json,24366,9.0000000035246,OK
C:\Users\Priyanshu\Desktop\new_train\Two_trains_extreme_track_different_direction\Summer\Small_train\ip_first_track_3arc_78910\Results\combined_8results_10timesteps.csv,C:\Users\Priyanshu\Desktop\new_train\Two_trains_extreme_track_different_direction\Summer\Small_train\Perfect_Structure\Results\combined_8results_10timesteps.csv,G3_S_L,ip_first_track_3arc_78910,IMPERFECT,C:\Users\Priyanshu\Desktop\new_train\training_residuals\residuals_disp\G3_S_L\ip_first_track_3arc_78910\disp_residual.csv,C:\Users\Priyanshu\Desktop\new_train\training_residuals\residuals_disp\G3_S_L\ip_first_track_3arc_78910\metadata.json,24366,9.0000000038265,OK
C:\Users\Priyanshu\Desktop\new_train\Two_trains_extreme_track_different_direction\Summer\Small_train\ip_frst_Arc_defect_all_tracks_111\Results\combined_8results_10timesteps.csv,C:\Users\Priyanshu\Desktop\new_train\Two_trains_extreme_track_different_direction\Summer\Small_train\Perfect_Structure\Results\combined_8results_10timesteps.csv,G3_S_L,ip_frst_Arc_defect_all_tracks_111,IMPERFECT,C:\Users\Priyanshu\Desktop\new_train\training_residuals\residuals_disp\G3_S_L\ip_frst_Arc_defect_all_tracks_111\disp_residual.csv,C:\Users\Priyanshu\Desktop\new_train\training_residuals\residuals_disp\G3_S_L\ip_frst_Arc_defect_all_tracks_111\metadata.json,24366,9.0000000040369,OK
C:\Users\Priyanshu\Desktop\new_train\Two_trains_extreme_track_different_direction\Summer\Small_train\Perfect_Structure\Results\combined_8results_10timesteps.csv,C:\Users\Priyanshu\Desktop\new_train\Two_trains_extreme_track_different_direction\Summer\Small_train\Perfect_Structure\Results\combined_8results_10timesteps.csv,G3_S_L,Perfect_structure,PERFECT,C:\Users\Priyanshu\Desktop\new_train\training_residuals\residuals_disp\G3_S_L\Perfect_structure\disp_residual.csv,C:\Users\Priyanshu\Desktop\new_train\training_residuals\residuals_disp\G3_S_L\Perfect_structure\metadata.json,24366,0.0,OK
C:\Users\Priyanshu\Desktop\new_train\Two_trains_extreme_track_different_direction\Winter\Big_train\ip_1and3line_3_arc_78910\Results\combined_8results_10timesteps.csv,C:\Users\Priyanshu\Desktop\new_train\Two_trains_extreme_track_different_direction\Winter\Big_train\Perfect_Structure\Results\combined_8results_10timesteps.csv,G3_W_H,ip_1and3line_3_arc_78910,IMPERFECT,C:\Users\Priyanshu\Desktop\new_train\training_residuals\residuals_disp\G3_W_H\ip_1and3line_3_arc_78910\disp_residual.csv,C:\Users\Priyanshu\Desktop\new_train\training_residuals\residuals_disp\G3_W_H\ip_1and3line_3_arc_78910\metadata.json,24366,8.00000004042,OK
C:\Users\Priyanshu\Desktop\new_train\Two_trains_extreme_track_different_direction\Winter\Big_train\Ip_1track_1_arc_345\Results\combined_8results_10timesteps.csv,C:\Users\Priyanshu\Desktop\new_train\Two_trains_extreme_track_different_direction\Winter\Big_train\Perfect_Structure\Results\combined_8results_10timesteps.csv,G3_W_H,Ip_1track_1_arc_345,IMPERFECT,C:\Users\Priyanshu\Desktop\new_train\training_residuals\residuals_disp\G3_W_H\Ip_1track_1_arc_345\disp_residual.csv,C:\Users\Priyanshu\Desktop\new_train\training_residuals\residuals_disp\G3_W_H\Ip_1track_1_arc_345\metadata.json,24366,7.99999997552,OK
C:\Users\Priyanshu\Desktop\new_train\Two_trains_extreme_track_different_direction\Winter\Big_train\ip_2_arc_all_tracks_222\Results\combined_8results_10timesteps.csv,C:\Users\Priyanshu\Desktop\new_train\Two_trains_extreme_track_different_direction\Winter\Big_train\Perfect_Structure\Results\combined_8results_10timesteps.csv,G3_W_H,ip_2_arc_all_tracks_222,IMPERFECT,C:\Users\Priyanshu\Desktop\new_train\training_residuals\residuals_disp\G3_W_H\ip_2_arc_all_tracks_222\disp_residual.csv,C:\Users\Priyanshu\Desktop\new_train\training_residuals\residuals_disp\G3_W_H\ip_2_arc_all_tracks_222\metadata.json,24366,9.0000000046504,OK
C:\Users\Priyanshu\Desktop\new_train\Two_trains_extreme_track_different_direction\Winter\Big_train\ip_3track_1_arc_678\Results\combined_8results_10timesteps.csv,C:\Users\Priyanshu\Desktop\new_train\Two_trains_extreme_track_different_direction\Winter\Big_train\Perfect_Structure\Results\combined_8results_10timesteps.csv,G3_W_H,ip_3track_1_arc_678,IMPERFECT,C:\Users\Priyanshu\Desktop\new_train\training_residuals\residuals_disp\G3_W_H\ip_3track_1_arc_678\disp_residual.csv,C:\Users\Priyanshu\Desktop\new_train\training_residuals\residuals_disp\G3_W_H\ip_3track_1_arc_678\metadata.json,24366,8.000000047889,OK
C:\Users\Priyanshu\Desktop\new_train\Two_trains_extreme_track_different_direction\Winter\Big_train\ip_first_track_3arc_78910\Results\combined_8results_10timesteps.csv,C:\Users\Priyanshu\Desktop\new_train\Two_trains_extreme_track_different_direction\Winter\Big_train\Perfect_Structure\Results\combined_8results_10timesteps.csv,G3_W_H,ip_first_track_3arc_78910,IMPERFECT,C:\Users\Priyanshu\Desktop\new_train\training_residuals\residuals_disp\G3_W_H\ip_first_track_3arc_78910\disp_residual.csv,C:\Users\Priyanshu\Desktop\new_train\training_residuals\residuals_disp\G3_W_H\ip_first_track_3arc_78910\metadata.json,24366,7.00000083832,OK
C:\Users\Priyanshu\Desktop\new_train\Two_trains_extreme_track_different_direction\Winter\Big_train\ip_frst_Arc_defect_all_tracks_111\Results\combined_8results_10timesteps.csv,C:\Users\Priyanshu\Desktop\new_train\Two_trains_extreme_track_different_direction\Winter\Big_train\Perfect_Structure\Results\combined_8results_10timesteps.csv,G3_W_H,ip_frst_Arc_defect_all_tracks_111,IMPERFECT,C:\Users\Priyanshu\Desktop\new_train\training_residuals\residuals_disp\G3_W_H\ip_frst_Arc_defect_all_tracks_111\disp_residual.csv,C:\Users\Priyanshu\Desktop\new_train\training_residuals\residuals_disp\G3_W_H\ip_frst_Arc_defect_all_tracks_111\metadata.json,24366,7.999999963445,OK
C:\Users\Priyanshu\Desktop\new_train\Two_trains_extreme_track_different_direction\Winter\Big_train\Perfect_Structure\Results\combined_8results_10timesteps.csv,C:\Users\Priyanshu\Desktop\new_train\Two_trains_extreme_track_different_direction\Winter\Big_train\Perfect_Structure\Results\combined_8results_10timesteps.csv,G3_W_H,Perfect_structure,PERFECT,C:\Users\Priyanshu\Desktop\new_train\training_residuals\residuals_disp\G3_W_H\Perfect_structure\disp_residual.csv,C:\Users\Priyanshu\Desktop\new_train\training_residuals\residuals_disp\G3_W_H\Perfect_structure\metadata.json,24366,0.0,OK
C:\Users\Priyanshu\Desktop\new_train\Two_trains_extreme_track_different_direction\Winter\Small_train\ip_1and3line_3_arc_78910\Results\combined_8results_10timesteps.csv,C:\Users\Priyanshu\Desktop\new_train\Two_trains_extreme_track_different_direction\Winter\Small_train\Perfect_Structure\Results\combined_8results_10timesteps.csv,G3_W_L,ip_1and3line_3_arc_78910,IMPERFECT,C:\Users\Priyanshu\Desktop\new_train\training_residuals\residuals_disp\G3_W_L\ip_1and3line_3_arc_78910\disp_residual.csv,C:\Users\Priyanshu\Desktop\new_train\training_residuals\residuals_disp\G3_W_L\ip_1and3line_3_arc_78910\metadata.json,24366,8.000000048925,OK
C:\Users\Priyanshu\Desktop\new_train\Two_trains_extreme_track_different_direction\Winter\Small_train\Ip_1track_1_arc_345\Results\combined_8results_10timesteps.csv,C:\Users\Priyanshu\Desktop\new_train\Two_trains_extreme_track_different_direction\Winter\Small_train\Perfect_Structure\Results\combined_8results_10timesteps.csv,G3_W_L,Ip_1track_1_arc_345,IMPERFECT,C:\Users\Priyanshu\Desktop\new_train\training_residuals\residuals_disp\G3_W_L\Ip_1track_1_arc_345\disp_residual.csv,C:\Users\Priyanshu\Desktop\new_train\training_residuals\residuals_disp\G3_W_L\Ip_1track_1_arc_345\metadata.json,24366,8.000000050533,OK
C:\Users\Priyanshu\Desktop\new_train\Two_trains_extreme_track_different_direction\Winter\Small_train\ip_2_arc_all_tracks_222\Results\combined_8results_10timesteps.csv,C:\Users\Priyanshu\Desktop\new_train\Two_trains_extreme_track_different_direction\Winter\Small_train\Perfect_Structure\Results\combined_8results_10timesteps.csv,G3_W_L,ip_2_arc_all_tracks_222,IMPERFECT,C:\Users\Priyanshu\Desktop\new_train\training_residuals\residuals_disp\G3_W_L\ip_2_arc_all_tracks_222\disp_residual.csv,C:\Users\Priyanshu\Desktop\new_train\training_residuals\residuals_disp\G3_W_L\ip_2_arc_all_tracks_222\metadata.json,24366,8.000000045206,OK
C:\Users\Priyanshu\Desktop\new_train\Two_trains_extreme_track_different_direction\Winter\Small_train\ip_3track_1_arc_678\Results\combined_8results_10timesteps.csv,C:\Users\Priyanshu\Desktop\new_train\Two_trains_extreme_track_different_direction\Winter\Small_train\Perfect_Structure\Results\combined_8results_10timesteps.csv,G3_W_L,ip_3track_1_arc_678,IMPERFECT,C:\Users\Priyanshu\Desktop\new_train\training_residuals\residuals_disp\G3_W_L\ip_3track_1_arc_678\disp_residual.csv,C:\Users\Priyanshu\Desktop\new_train\training_residuals\residuals_disp\G3_W_L\ip_3track_1_arc_678\metadata.json,24366,8.000000053582,OK
C:\Users\Priyanshu\Desktop\new_train\Two_trains_extreme_track_different_direction\Winter\Small_train\ip_first_track_3arc_78910\Results\combined_8results_10timesteps.csv,C:\Users\Priyanshu\Desktop\new_train\Two_trains_extreme_track_different_direction\Winter\Small_train\Perfect_Structure\Results\combined_8results_10timesteps.csv,G3_W_L,ip_first_track_3arc_78910,IMPERFECT,C:\Users\Priyanshu\Desktop\new_train\training_residuals\residuals_disp\G3_W_L\ip_first_track_3arc_78910\disp_residual.csv,C:\Users\Priyanshu\Desktop\new_train\training_residuals\residuals_disp\G3_W_L\ip_first_track_3arc_78910\metadata.json,24366,8.9999999965856,OK
C:\Users\Priyanshu\Desktop\new_train\Two_trains_extreme_track_different_direction\Winter\Small_train\ip_frst_Arc_defect_all_tracks_111\Results\combined_8results_10timesteps.csv,C:\Users\Priyanshu\Desktop\new_train\Two_trains_extreme_track_different_direction\Winter\Small_train\Perfect_Structure\Results\combined_8results_10timesteps.csv,G3_W_L,ip_frst_Arc_defect_all_tracks_111,IMPERFECT,C:\Users\Priyanshu\Desktop\new_train\training_residuals\residuals_disp\G3_W_L\ip_frst_Arc_defect_all_tracks_111\disp_residual.csv,C:\Users\Priyanshu\Desktop\new_train\training_residuals\residuals_disp\G3_W_L\ip_frst_Arc_defect_all_tracks_111\metadata.json,24366,8.000000063699,OK
C:\Users\Priyanshu\Desktop\new_train\Two_trains_extreme_track_different_direction\Winter\Small_train\Perfect_Structure\Results\combined_8results_10timesteps.csv,C:\Users\Priyanshu\Desktop\new_train\Two_trains_extreme_track_different_direction\Winter\Small_train\Perfect_Structure\Results\combined_8results_10timesteps.csv,G3_W_L,Perfect_structure,PERFECT,C:\Users\Priyanshu\Desktop\new_train\training_residuals\residuals_disp\G3_W_L\Perfect_structure\disp_residual.csv,C:\Users\Priyanshu\Desktop\new_train\training_residuals\residuals_disp\G3_W_L\Perfect_structure\metadata.json,24366,0.0,OK
C:\Users\Priyanshu\Desktop\new_train\Two_trains_extreme_track_same_direction\Summer\Big_train\ip_1and3line_3_arc_78910\Results\combined_8results_10timesteps.csv,C:\Users\Priyanshu\Desktop\new_train\Two_trains_extreme_track_same_direction\Summer\Big_train\Perfect_Structure\Results\combined_8results_10timesteps.csv,G4_S_H,ip_1and3line_3_arc_78910,IMPERFECT,C:\Users\Priyanshu\Desktop\new_train\training_residuals\residuals_disp\G4_S_H\ip_1and3line_3_arc_78910\disp_residual.csv,C:\Users\Priyanshu\Desktop\new_train\training_residuals\residuals_disp\G4_S_H\ip_1and3line_3_arc_78910\metadata.json,24366,9.996,OK
C:\Users\Priyanshu\Desktop\new_train\Two_trains_extreme_track_same_direction\Summer\Big_train\Ip_1track_1_arc_345\Results\combined_8results_10timesteps.csv,C:\Users\Priyanshu\Desktop\new_train\Two_trains_extreme_track_same_direction\Summer\Big_train\Perfect_Structure\Results\combined_8results_10timesteps.csv,G4_S_H,Ip_1track_1_arc_345,IMPERFECT,C:\Users\Priyanshu\Desktop\new_train\training_residuals\residuals_disp\G4_S_H\Ip_1track_1_arc_345\disp_residual.csv,C:\Users\Priyanshu\Desktop\new_train\training_residuals\residuals_disp\G4_S_H\Ip_1track_1_arc_345\metadata.json,24366,8.855,OK
C:\Users\Priyanshu\Desktop\new_train\Two_trains_extreme_track_same_direction\Summer\Big_train\ip_2_arc_all_tracks_222\Results\combined_8results_10timesteps.csv,C:\Users\Priyanshu\Desktop\new_train\Two_trains_extreme_track_same_direction\Summer\Big_train\Perfect_Structure\Results\combined_8results_10timesteps.csv,G4_S_H,ip_2_arc_all_tracks_222,IMPERFECT,C:\Users\Priyanshu\Desktop\new_train\training_residuals\residuals_disp\G4_S_H\ip_2_arc_all_tracks_222\disp_residual.csv,C:\Users\Priyanshu\Desktop\new_train\training_residuals\residuals_disp\G4_S_H\ip_2_arc_all_tracks_222\metadata.json,24366,9.9989997,OK
C:\Users\Priyanshu\Desktop\new_train\Two_trains_extreme_track_same_direction\Summer\Big_train\ip_3track_1_arc_678\Results\combined_8results_10timesteps.csv,C:\Users\Priyanshu\Desktop\new_train\Two_trains_extreme_track_same_direction\Summer\Big_train\Perfect_Structure\Results\combined_8results_10timesteps.csv,G4_S_H,ip_3track_1_arc_678,IMPERFECT,C:\Users\Priyanshu\Desktop\new_train\training_residuals\residuals_disp\G4_S_H\ip_3track_1_arc_678\disp_residual.csv,C:\Users\Priyanshu\Desktop\new_train\training_residuals\residuals_disp\G4_S_H\ip_3track_1_arc_678\metadata.json,24366,9.109,OK
C:\Users\Priyanshu\Desktop\new_train\Two_trains_extreme_track_same_direction\Summer\Big_train\ip_first_track_3arc_78910\Results\combined_8results_10timesteps.csv,C:\Users\Priyanshu\Desktop\new_train\Two_trains_extreme_track_same_direction\Summer\Big_train\Perfect_Structure\Results\combined_8results_10timesteps.csv,G4_S_H,ip_first_track_3arc_78910,IMPERFECT,C:\Users\Priyanshu\Desktop\new_train\training_residuals\residuals_disp\G4_S_H\ip_first_track_3arc_78910\disp_residual.csv,C:\Users\Priyanshu\Desktop\new_train\training_residuals\residuals_disp\G4_S_H\ip_first_track_3arc_78910\metadata.json,24366,9.9989991,OK
C:\Users\Priyanshu\Desktop\new_train\Two_trains_extreme_track_same_direction\Summer\Big_train\ip_frst_Arc_defect_all_tracks_111\Results\combined_8results_10timesteps.csv,C:\Users\Priyanshu\Desktop\new_train\Two_trains_extreme_track_same_direction\Summer\Big_train\Perfect_Structure\Results\combined_8results_10timesteps.csv,G4_S_H,ip_frst_Arc_defect_all_tracks_111,IMPERFECT,C:\Users\Priyanshu\Desktop\new_train\training_residuals\residuals_disp\G4_S_H\ip_frst_Arc_defect_all_tracks_111\disp_residual.csv,C:\Users\Priyanshu\Desktop\new_train\training_residuals\residuals_disp\G4_S_H\ip_frst_Arc_defect_all_tracks_111\metadata.json,24366,10.0000000002,OK
C:\Users\Priyanshu\Desktop\new_train\Two_trains_extreme_track_same_direction\Summer\Big_train\Perfect_Structure\Results\combined_8results_10timesteps.csv,C:\Users\Priyanshu\Desktop\new_train\Two_trains_extreme_track_same_direction\Summer\Big_train\Perfect_Structure\Results\combined_8results_10timesteps.csv,G4_S_H,Perfect_structure,PERFECT,C:\Users\Priyanshu\Desktop\new_train\training_residuals\residuals_disp\G4_S_H\Perfect_structure\disp_residual.csv,C:\Users\Priyanshu\Desktop\new_train\training_residuals\residuals_disp\G4_S_H\Perfect_structure\metadata.json,24366,0.0,OK
C:\Users\Priyanshu\Desktop\new_train\Two_trains_extreme_track_same_direction\Summer\Small_train\ip_1and3line_3_arc_78910\Results\combined_8results_10timesteps.csv,C:\Users\Priyanshu\Desktop\new_train\Two_trains_extreme_track_same_direction\Summer\Small_train\Perfect_Structure\Results\combined_8results_10timesteps.csv,G4_S_L,ip_1and3line_3_arc_78910,IMPERFECT,C:\Users\Priyanshu\Desktop\new_train\training_residuals\residuals_disp\G4_S_L\ip_1and3line_3_arc_78910\disp_residual.csv,C:\Users\Priyanshu\Desktop\new_train\training_residuals\residuals_disp\G4_S_L\ip_1and3line_3_arc_78910\metadata.json,24366,9.000004563,OK
C:\Users\Priyanshu\Desktop\new_train\Two_trains_extreme_track_same_direction\Summer\Small_train\Ip_1track_1_arc_345\Results\combined_8results_10timesteps.csv,C:\Users\Priyanshu\Desktop\new_train\Two_trains_extreme_track_same_direction\Summer\Small_train\Perfect_Structure\Results\combined_8results_10timesteps.csv,G4_S_L,Ip_1track_1_arc_345,IMPERFECT,C:\Users\Priyanshu\Desktop\new_train\training_residuals\residuals_disp\G4_S_L\Ip_1track_1_arc_345\disp_residual.csv,C:\Users\Priyanshu\Desktop\new_train\training_residuals\residuals_disp\G4_S_L\Ip_1track_1_arc_345\metadata.json,24366,9.00009595,OK
C:\Users\Priyanshu\Desktop\new_train\Two_trains_extreme_track_same_direction\Summer\Small_train\ip_2_arc_all_tracks_222\Results\combined_8results_10timesteps.csv,C:\Users\Priyanshu\Desktop\new_train\Two_trains_extreme_track_same_direction\Summer\Small_train\Perfect_Structure\Results\combined_8results_10timesteps.csv,G4_S_L,ip_2_arc_all_tracks_222,IMPERFECT,C:\Users\Priyanshu\Desktop\new_train\training_residuals\residuals_disp\G4_S_L\ip_2_arc_all_tracks_222\disp_residual.csv,C:\Users\Priyanshu\Desktop\new_train\training_residuals\residuals_disp\G4_S_L\ip_2_arc_all_tracks_222\metadata.json,24366,8.00000645,OK
C:\Users\Priyanshu\Desktop\new_train\Two_trains_extreme_track_same_direction\Summer\Small_train\ip_3track_1_arc_678\Results\combined_8results_10timesteps.csv,C:\Users\Priyanshu\Desktop\new_train\Two_trains_extreme_track_same_direction\Summer\Small_train\Perfect_Structure\Results\combined_8results_10timesteps.csv,G4_S_L,ip_3track_1_arc_678,IMPERFECT,C:\Users\Priyanshu\Desktop\new_train\training_residuals\residuals_disp\G4_S_L\ip_3track_1_arc_678\disp_residual.csv,C:\Users\Priyanshu\Desktop\new_train\training_residuals\residuals_disp\G4_S_L\ip_3track_1_arc_678\metadata.json,24366,8.00009921,OK
C:\Users\Priyanshu\Desktop\new_train\Two_trains_extreme_track_same_direction\Summer\Small_train\ip_first_track_3arc_78910\Results\combined_8results_10timesteps.csv,C:\Users\Priyanshu\Desktop\new_train\Two_trains_extreme_track_same_direction\Summer\Small_train\Perfect_Structure\Results\combined_8results_10timesteps.csv,G4_S_L,ip_first_track_3arc_78910,IMPERFECT,C:\Users\Priyanshu\Desktop\new_train\training_residuals\residuals_disp\G4_S_L\ip_first_track_3arc_78910\disp_residual.csv,C:\Users\Priyanshu\Desktop\new_train\training_residuals\residuals_disp\G4_S_L\ip_first_track_3arc_78910\metadata.json,24366,8.00005767,OK
C:\Users\Priyanshu\Desktop\new_train\Two_trains_extreme_track_same_direction\Summer\Small_train\ip_frst_Arc_defect_all_tracks_111\Results\combined_8results_10timesteps.csv,C:\Users\Priyanshu\Desktop\new_train\Two_trains_extreme_track_same_direction\Summer\Small_train\Perfect_Structure\Results\combined_8results_10timesteps.csv,G4_S_L,ip_frst_Arc_defect_all_tracks_111,IMPERFECT,C:\Users\Priyanshu\Desktop\new_train\training_residuals\residuals_disp\G4_S_L\ip_frst_Arc_defect_all_tracks_111\disp_residual.csv,C:\Users\Priyanshu\Desktop\new_train\training_residuals\residuals_disp\G4_S_L\ip_frst_Arc_defect_all_tracks_111\metadata.json,24366,11.0000005554,OK
C:\Users\Priyanshu\Desktop\new_train\Two_trains_extreme_track_same_direction\Summer\Small_train\Perfect_Structure\Results\combined_8results_10timesteps.csv,C:\Users\Priyanshu\Desktop\new_train\Two_trains_extreme_track_same_direction\Summer\Small_train\Perfect_Structure\Results\combined_8results_10timesteps.csv,G4_S_L,Perfect_structure,PERFECT,C:\Users\Priyanshu\Desktop\new_train\training_residuals\residuals_disp\G4_S_L\Perfect_structure\disp_residual.csv,C:\Users\Priyanshu\Desktop\new_train\training_residuals\residuals_disp\G4_S_L\Perfect_structure\metadata.json,24366,0.0,OK
C:\Users\Priyanshu\Desktop\new_train\Two_trains_extreme_track_same_direction\Winter\Big_train\ip_1and3line_3_arc_78910\Results\combined_8results_10timesteps.csv,C:\Users\Priyanshu\Desktop\new_train\Two_trains_extreme_track_same_direction\Winter\Big_train\Perfect_Structure\Results\combined_8results_10timesteps.csv,G4_W_H,ip_1and3line_3_arc_78910,IMPERFECT,C:\Users\Priyanshu\Desktop\new_train\training_residuals\residuals_disp\G4_W_H\ip_1and3line_3_arc_78910\disp_residual.csv,C:\Users\Priyanshu\Desktop\new_train\training_residuals\residuals_disp\G4_W_H\ip_1and3line_3_arc_78910\metadata.json,24366,12.986,OK
C:\Users\Priyanshu\Desktop\new_train\Two_trains_extreme_track_same_direction\Winter\Big_train\Ip_1track_1_arc_345\Results\combined_8results_10timesteps.csv,C:\Users\Priyanshu\Desktop\new_train\Two_trains_extreme_track_same_direction\Winter\Big_train\Perfect_Structure\Results\combined_8results_10timesteps.csv,G4_W_H,Ip_1track_1_arc_345,IMPERFECT,C:\Users\Priyanshu\Desktop\new_train\training_residuals\residuals_disp\G4_W_H\Ip_1track_1_arc_345\disp_residual.csv,C:\Users\Priyanshu\Desktop\new_train\training_residuals\residuals_disp\G4_W_H\Ip_1track_1_arc_345\metadata.json,24366,9.602,OK
C:\Users\Priyanshu\Desktop\new_train\Two_trains_extreme_track_same_direction\Winter\Big_train\ip_2_arc_all_tracks_222\Results\combined_8results_10timesteps.csv,C:\Users\Priyanshu\Desktop\new_train\Two_trains_extreme_track_same_direction\Winter\Big_train\Perfect_Structure\Results\combined_8results_10timesteps.csv,G4_W_H,ip_2_arc_all_tracks_222,IMPERFECT,C:\Users\Priyanshu\Desktop\new_train\training_residuals\residuals_disp\G4_W_H\ip_2_arc_all_tracks_222\disp_residual.csv,C:\Users\Priyanshu\Desktop\new_train\training_residuals\residuals_disp\G4_W_H\ip_2_arc_all_tracks_222\metadata.json,24366,9.9979996,OK
C:\Users\Priyanshu\Desktop\new_train\Two_trains_extreme_track_same_direction\Winter\Big_train\ip_3track_1_arc_678\Results\combined_8results_10timesteps.csv,C:\Users\Priyanshu\Desktop\new_train\Two_trains_extreme_track_same_direction\Winter\Big_train\Perfect_Structure\Results\combined_8results_10timesteps.csv,G4_W_H,ip_3track_1_arc_678,IMPERFECT,C:\Users\Priyanshu\Desktop\new_train\training_residuals\residuals_disp\G4_W_H\ip_3track_1_arc_678\disp_residual.csv,C:\Users\Priyanshu\Desktop\new_train\training_residuals\residuals_disp\G4_W_H\ip_3track_1_arc_678\metadata.json,24366,9.604000000000001,OK
C:\Users\Priyanshu\Desktop\new_train\Two_trains_extreme_track_same_direction\Winter\Big_train\ip_first_track_3arc_78910\Results\combined_8results_10timesteps.csv,C:\Users\Priyanshu\Desktop\new_train\Two_trains_extreme_track_same_direction\Winter\Big_train\Perfect_Structure\Results\combined_8results_10timesteps.csv,G4_W_H,ip_first_track_3arc_78910,IMPERFECT,C:\Users\Priyanshu\Desktop\new_train\training_residuals\residuals_disp\G4_W_H\ip_first_track_3arc_78910\disp_residual.csv,C:\Users\Priyanshu\Desktop\new_train\training_residuals\residuals_disp\G4_W_H\ip_first_track_3arc_78910\metadata.json,24366,9.997999,OK
C:\Users\Priyanshu\Desktop\new_train\Two_trains_extreme_track_same_direction\Winter\Big_train\ip_frst_Arc_defect_all_tracks_111\Results\combined_8results_10timesteps.csv,C:\Users\Priyanshu\Desktop\new_train\Two_trains_extreme_track_same_direction\Winter\Big_train\Perfect_Structure\Results\combined_8results_10timesteps.csv,G4_W_H,ip_frst_Arc_defect_all_tracks_111,IMPERFECT,C:\Users\Priyanshu\Desktop\new_train\training_residuals\residuals_disp\G4_W_H\ip_frst_Arc_defect_all_tracks_111\disp_residual.csv,C:\Users\Priyanshu\Desktop\new_train\training_residuals\residuals_disp\G4_W_H\ip_frst_Arc_defect_all_tracks_111\metadata.json,24366,8.614,OK
C:\Users\Priyanshu\Desktop\new_train\Two_trains_extreme_track_same_direction\Winter\Big_train\Perfect_Structure\Results\combined_8results_10timesteps.csv,C:\Users\Priyanshu\Desktop\new_train\Two_trains_extreme_track_same_direction\Winter\Big_train\Perfect_Structure\Results\combined_8results_10timesteps.csv,G4_W_H,Perfect_structure,PERFECT,C:\Users\Priyanshu\Desktop\new_train\training_residuals\residuals_disp\G4_W_H\Perfect_structure\disp_residual.csv,C:\Users\Priyanshu\Desktop\new_train\training_residuals\residuals_disp\G4_W_H\Perfect_structure\metadata.json,24366,0.0,OK
C:\Users\Priyanshu\Desktop\new_train\Two_trains_extreme_track_same_direction\Winter\Small_train\ip_1and3line_3_arc_78910\Results\combined_8results_10timesteps.csv,C:\Users\Priyanshu\Desktop\new_train\Two_trains_extreme_track_same_direction\Winter\Small_train\Perfect_Structure\Results\combined_8results_10timesteps.csv,G4_W_L,ip_1and3line_3_arc_78910,IMPERFECT,C:\Users\Priyanshu\Desktop\new_train\training_residuals\residuals_disp\G4_W_L\ip_1and3line_3_arc_78910\disp_residual.csv,C:\Users\Priyanshu\Desktop\new_train\training_residuals\residuals_disp\G4_W_L\ip_1and3line_3_arc_78910\metadata.json,24366,8.0005039,OK
C:\Users\Priyanshu\Desktop\new_train\Two_trains_extreme_track_same_direction\Winter\Small_train\Ip_1track_1_arc_345\Results\combined_8results_10timesteps.csv,C:\Users\Priyanshu\Desktop\new_train\Two_trains_extreme_track_same_direction\Winter\Small_train\Perfect_Structure\Results\combined_8results_10timesteps.csv,G4_W_L,Ip_1track_1_arc_345,IMPERFECT,C:\Users\Priyanshu\Desktop\new_train\training_residuals\residuals_disp\G4_W_L\Ip_1track_1_arc_345\disp_residual.csv,C:\Users\Priyanshu\Desktop\new_train\training_residuals\residuals_disp\G4_W_L\Ip_1track_1_arc_345\metadata.json,24366,8.00008992,OK
C:\Users\Priyanshu\Desktop\new_train\Two_trains_extreme_track_same_direction\Winter\Small_train\ip_2_arc_all_tracks_222\Results\combined_8results_10timesteps.csv,C:\Users\Priyanshu\Desktop\new_train\Two_trains_extreme_track_same_direction\Winter\Small_train\Perfect_Structure\Results\combined_8results_10timesteps.csv,G4_W_L,ip_2_arc_all_tracks_222,IMPERFECT,C:\Users\Priyanshu\Desktop\new_train\training_residuals\residuals_disp\G4_W_L\ip_2_arc_all_tracks_222\disp_residual.csv,C:\Users\Priyanshu\Desktop\new_train\training_residuals\residuals_disp\G4_W_L\ip_2_arc_all_tracks_222\metadata.json,24366,8.00009864,OK
C:\Users\Priyanshu\Desktop\new_train\Two_trains_extreme_track_same_direction\Winter\Small_train\ip_3track_1_arc_678\Results\combined_8results_10timesteps.csv,C:\Users\Priyanshu\Desktop\new_train\Two_trains_extreme_track_same_direction\Winter\Small_train\Perfect_Structure\Results\combined_8results_10timesteps.csv,G4_W_L,ip_3track_1_arc_678,IMPERFECT,C:\Users\Priyanshu\Desktop\new_train\training_residuals\residuals_disp\G4_W_L\ip_3track_1_arc_678\disp_residual.csv,C:\Users\Priyanshu\Desktop\new_train\training_residuals\residuals_disp\G4_W_L\ip_3track_1_arc_678\metadata.json,24366,8.00009814,OK
C:\Users\Priyanshu\Desktop\new_train\Two_trains_extreme_track_same_direction\Winter\Small_train\ip_first_track_3arc_78910\Results\combined_8results_10timesteps.csv,C:\Users\Priyanshu\Desktop\new_train\Two_trains_extreme_track_same_direction\Winter\Small_train\Perfect_Structure\Results\combined_8results_10timesteps.csv,G4_W_L,ip_first_track_3arc_78910,IMPERFECT,C:\Users\Priyanshu\Desktop\new_train\training_residuals\residuals_disp\G4_W_L\ip_first_track_3arc_78910\disp_residual.csv,C:\Users\Priyanshu\Desktop\new_train\training_residuals\residuals_disp\G4_W_L\ip_first_track_3arc_78910\metadata.json,24366,8.000000033219,OK
C:\Users\Priyanshu\Desktop\new_train\Two_trains_extreme_track_same_direction\Winter\Small_train\ip_frst_Arc_defect_all_tracks_111\Results\combined_8results_10timesteps.csv,C:\Users\Priyanshu\Desktop\new_train\Two_trains_extreme_track_same_direction\Winter\Small_train\Perfect_Structure\Results\combined_8results_10timesteps.csv,G4_W_L,ip_frst_Arc_defect_all_tracks_111,IMPERFECT,C:\Users\Priyanshu\Desktop\new_train\training_residuals\residuals_disp\G4_W_L\ip_frst_Arc_defect_all_tracks_111\disp_residual.csv,C:\Users\Priyanshu\Desktop\new_train\training_residuals\residuals_disp\G4_W_L\ip_frst_Arc_defect_all_tracks_111\metadata.json,24366,8.00009282,OK
C:\Users\Priyanshu\Desktop\new_train\Two_trains_extreme_track_same_direction\Winter\Small_train\Perfect_Structure\Results\combined_8results_10timesteps.csv,C:\Users\Priyanshu\Desktop\new_train\Two_trains_extreme_track_same_direction\Winter\Small_train\Perfect_Structure\Results\combined_8results_10timesteps.csv,G4_W_L,Perfect_structure,PERFECT,C:\Users\Priyanshu\Desktop\new_train\training_residuals\residuals_disp\G4_W_L\Perfect_structure\disp_residual.csv,C:\Users\Priyanshu\Desktop\new_train\training_residuals\residuals_disp\G4_W_L\Perfect_structure\metadata.json,24366,0.0,OK
