regime_key,case_name,residual_csv_path,events_csv_path,n_candidates,k,n_events_written,n_missing_coord_nodes_skipped,tau_rel,tau_abs,p,kmin,kmax,status
G1_S_H,ip_1and3line_3_arc_78910,C:\Users\Priyanshu\Desktop\new_train\training_residuals\DEPLOYMENT_TRAINING\residuals_stress\G1_S_H\ip_1and3line_3_arc_78910\stress_residual.csv,C:\Users\Priyanshu\Desktop\new_train\training_residuals\DEPLOYMENT_TRAINING\events_equivstress\G1_S_H\ip_1and3line_3_arc_78910\events_topk.csv,100226,3007,3007,0,3.0,0.0,0.03,1000,10000,OK
G1_S_H,Ip_1track_1_arc_345,C:\Users\Priyanshu\Desktop\new_train\training_residuals\DEPLOYMENT_TRAINING\residuals_stress\G1_S_H\Ip_1track_1_arc_345\stress_residual.csv,C:\Users\Priyanshu\Desktop\new_train\training_residuals\DEPLOYMENT_TRAINING\events_equivstress\G1_S_H\Ip_1track_1_arc_345\events_topk.csv,50402,1512,1512,0,3.0,0.0,0.03,1000,10000,OK
G1_S_H,ip_2_arc_all_tracks_222,C:\Users\Priyanshu\Desktop\new_train\training_residuals\DEPLOYMENT_TRAINING\residuals_stress\G1_S_H\ip_2_arc_all_tracks_222\stress_residual.csv,C:\Users\Priyanshu\Desktop\new_train\training_residuals\DEPLOYMENT_TRAINING\events_equivstress\G1_S_H\ip_2_arc_all_tracks_222\events_topk.csv,42164,1265,1265,0,3.0,0.0,0.03,1000,10000,OK
G1_S_H,ip_3track_1_arc_678,C:\Users\Priyanshu\Desktop\new_train\training_residuals\DEPLOYMENT_TRAINING\residuals_stress\G1_S_H\ip_3track_1_arc_678\stress_residual.csv,C:\Users\Priyanshu\Desktop\new_train\training_residuals\DEPLOYMENT_TRAINING\events_equivstress\G1_S_H\ip_3track_1_arc_678\events_topk.csv,69164,2075,2075,0,3.0,0.0,0.03,1000,10000,OK
G1_S_H,ip_first_track_3arc_78910,C:\Users\Priyanshu\Desktop\new_train\training_residuals\DEPLOYMENT_TRAINING\residuals_stress\G1_S_H\ip_first_track_3arc_78910\stress_residual.csv,C:\Users\Priyanshu\Desktop\new_train\training_residuals\DEPLOYMENT_TRAINING\events_equivstress\G1_S_H\ip_first_track_3arc_78910\events_topk.csv,79214,2376,2376,0,3.0,0.0,0.03,1000,10000,OK
G1_S_H,ip_frst_Arc_defect_all_tracks_111,C:\Users\Priyanshu\Desktop\new_train\training_residuals\DEPLOYMENT_TRAINING\residuals_stress\G1_S_H\ip_frst_Arc_defect_all_tracks_111\stress_residual.csv,C:\Users\Priyanshu\Desktop\new_train\training_residuals\DEPLOYMENT_TRAINING\events_equivstress\G1_S_H\ip_frst_Arc_defect_all_tracks_111\events_topk.csv,52566,1577,1577,0,3.0,0.0,0.03,1000,10000,OK
G1_S_L,ip_1and3line_3_arc_78910,C:\Users\Priyanshu\Desktop\new_train\training_residuals\DEPLOYMENT_TRAINING\residuals_stress\G1_S_L\ip_1and3line_3_arc_78910\stress_residual.csv,C:\Users\Priyanshu\Desktop\new_train\training_residuals\DEPLOYMENT_TRAINING\events_equivstress\G1_S_L\ip_1and3line_3_arc_78910\events_topk.csv,105240,3157,3157,0,3.0,0.0,0.03,1000,10000,OK
G1_S_L,Ip_1track_1_arc_345,C:\Users\Priyanshu\Desktop\new_train\training_residuals\DEPLOYMENT_TRAINING\residuals_stress\G1_S_L\Ip_1track_1_arc_345\stress_residual.csv,C:\Users\Priyanshu\Desktop\new_train\training_residuals\DEPLOYMENT_TRAINING\events_equivstress\G1_S_L\Ip_1track_1_arc_345\events_topk.csv,54711,1641,1641,0,3.0,0.0,0.03,1000,10000,OK
G1_S_L,ip_2_arc_all_tracks_222,C:\Users\Priyanshu\Desktop\new_train\training_residuals\DEPLOYMENT_TRAINING\residuals_stress\G1_S_L\ip_2_arc_all_tracks_222\stress_residual.csv,C:\Users\Priyanshu\Desktop\new_train\training_residuals\DEPLOYMENT_TRAINING\events_equivstress\G1_S_L\ip_2_arc_all_tracks_222\events_topk.csv,39820,1195,1195,0,3.0,0.0,0.03,1000,10000,OK
G1_S_L,ip_3track_1_arc_678,C:\Users\Priyanshu\Desktop\new_train\training_residuals\DEPLOYMENT_TRAINING\residuals_stress\G1_S_L\ip_3track_1_arc_678\stress_residual.csv,C:\Users\Priyanshu\Desktop\new_train\training_residuals\DEPLOYMENT_TRAINING\events_equivstress\G1_S_L\ip_3track_1_arc_678\events_topk.csv,74068,2222,2222,0,3.0,0.0,0.03,1000,10000,OK
G1_S_L,ip_first_track_3arc_78910,C:\Users\Priyanshu\Desktop\new_train\training_residuals\DEPLOYMENT_TRAINING\residuals_stress\G1_S_L\ip_first_track_3arc_78910\stress_residual.csv,C:\Users\Priyanshu\Desktop\new_train\training_residuals\DEPLOYMENT_TRAINING\events_equivstress\G1_S_L\ip_first_track_3arc_78910\events_topk.csv,85425,2563,2563,0,3.0,0.0,0.03,1000,10000,OK
G1_S_L,ip_frst_Arc_defect_all_tracks_111,C:\Users\Priyanshu\Desktop\new_train\training_residuals\DEPLOYMENT_TRAINING\residuals_stress\G1_S_L\ip_frst_Arc_defect_all_tracks_111\stress_residual.csv,C:\Users\Priyanshu\Desktop\new_train\training_residuals\DEPLOYMENT_TRAINING\events_equivstress\G1_S_L\ip_frst_Arc_defect_all_tracks_111\events_topk.csv,41136,1234,1234,0,3.0,0.0,0.03,1000,10000,OK
G1_W_H,ip_1and3line_3_arc_78910,C:\Users\Priyanshu\Desktop\new_train\training_residuals\DEPLOYMENT_TRAINING\residuals_stress\G1_W_H\ip_1and3line_3_arc_78910\stress_residual.csv,C:\Users\Priyanshu\Desktop\new_train\training_residuals\DEPLOYMENT_TRAINING\events_equivstress\G1_W_H\ip_1and3line_3_arc_78910\events_topk.csv,97991,2940,2940,0,3.0,0.0,0.03,1000,10000,OK
G1_W_H,Ip_1track_1_arc_345,C:\Users\Priyanshu\Desktop\new_train\training_residuals\DEPLOYMENT_TRAINING\residuals_stress\G1_W_H\Ip_1track_1_arc_345\stress_residual.csv,C:\Users\Priyanshu\Desktop\new_train\training_residuals\DEPLOYMENT_TRAINING\events_equivstress\G1_W_H\Ip_1track_1_arc_345\events_topk.csv,49480,1484,1484,0,3.0,0.0,0.03,1000,10000,OK
G1_W_H,ip_2_arc_all_tracks_222,C:\Users\Priyanshu\Desktop\new_train\training_residuals\DEPLOYMENT_TRAINING\residuals_stress\G1_W_H\ip_2_arc_all_tracks_222\stress_residual.csv,C:\Users\Priyanshu\Desktop\new_train\training_residuals\DEPLOYMENT_TRAINING\events_equivstress\G1_W_H\ip_2_arc_all_tracks_222\events_topk.csv,43525,1306,1306,0,3.0,0.0,0.03,1000,10000,OK
G1_W_H,ip_3track_1_arc_678,C:\Users\Priyanshu\Desktop\new_train\training_residuals\DEPLOYMENT_TRAINING\residuals_stress\G1_W_H\ip_3track_1_arc_678\stress_residual.csv,C:\Users\Priyanshu\Desktop\new_train\training_residuals\DEPLOYMENT_TRAINING\events_equivstress\G1_W_H\ip_3track_1_arc_678\events_topk.csv,66449,1993,1993,0,3.0,0.0,0.03,1000,10000,OK
G1_W_H,ip_first_track_3arc_78910,C:\Users\Priyanshu\Desktop\new_train\training_residuals\DEPLOYMENT_TRAINING\residuals_stress\G1_W_H\ip_first_track_3arc_78910\stress_residual.csv,C:\Users\Priyanshu\Desktop\new_train\training_residuals\DEPLOYMENT_TRAINING\events_equivstress\G1_W_H\ip_first_track_3arc_78910\events_topk.csv,76360,2291,2291,0,3.0,0.0,0.03,1000,10000,OK
G1_W_H,ip_frst_Arc_defect_all_tracks_111,C:\Users\Priyanshu\Desktop\new_train\training_residuals\DEPLOYMENT_TRAINING\residuals_stress\G1_W_H\ip_frst_Arc_defect_all_tracks_111\stress_residual.csv,C:\Users\Priyanshu\Desktop\new_train\training_residuals\DEPLOYMENT_TRAINING\events_equivstress\G1_W_H\ip_frst_Arc_defect_all_tracks_111\events_topk.csv,50464,1514,1514,0,3.0,0.0,0.03,1000,10000,OK
G1_W_L,ip_1and3line_3_arc_78910,C:\Users\Priyanshu\Desktop\new_train\training_residuals\DEPLOYMENT_TRAINING\residuals_stress\G1_W_L\ip_1and3line_3_arc_78910\stress_residual.csv,C:\Users\Priyanshu\Desktop\new_train\training_residuals\DEPLOYMENT_TRAINING\events_equivstress\G1_W_L\ip_1and3line_3_arc_78910\events_topk.csv,102228,3067,3067,0,3.0,0.0,0.03,1000,10000,OK
G1_W_L,Ip_1track_1_arc_345,C:\Users\Priyanshu\Desktop\new_train\training_residuals\DEPLOYMENT_TRAINING\residuals_stress\G1_W_L\Ip_1track_1_arc_345\stress_residual.csv,C:\Users\Priyanshu\Desktop\new_train\training_residuals\DEPLOYMENT_TRAINING\events_equivstress\G1_W_L\Ip_1track_1_arc_345\events_topk.csv,51002,1530,1530,0,3.0,0.0,0.03,1000,10000,OK
G1_W_L,ip_2_arc_all_tracks_222,C:\Users\Priyanshu\Desktop\new_train\training_residuals\DEPLOYMENT_TRAINING\residuals_stress\G1_W_L\ip_2_arc_all_tracks_222\stress_residual.csv,C:\Users\Priyanshu\Desktop\new_train\training_residuals\DEPLOYMENT_TRAINING\events_equivstress\G1_W_L\ip_2_arc_all_tracks_222\events_topk.csv,42055,1262,1262,0,3.0,0.0,0.03,1000,10000,OK
G1_W_L,ip_3track_1_arc_678,C:\Users\Priyanshu\Desktop\new_train\training_residuals\DEPLOYMENT_TRAINING\residuals_stress\G1_W_L\ip_3track_1_arc_678\stress_residual.csv,C:\Users\Priyanshu\Desktop\new_train\training_residuals\DEPLOYMENT_TRAINING\events_equivstress\G1_W_L\ip_3track_1_arc_678\events_topk.csv,72270,2168,2168,0,3.0,0.0,0.03,1000,10000,OK
G1_W_L,ip_first_track_3arc_78910,C:\Users\Priyanshu\Desktop\new_train\training_residuals\DEPLOYMENT_TRAINING\residuals_stress\G1_W_L\ip_first_track_3arc_78910\stress_residual.csv,C:\Users\Priyanshu\Desktop\new_train\training_residuals\DEPLOYMENT_TRAINING\events_equivstress\G1_W_L\ip_first_track_3arc_78910\events_topk.csv,81780,2453,2453,0,3.0,0.0,0.03,1000,10000,OK
G1_W_L,ip_frst_Arc_defect_all_tracks_111,C:\Users\Priyanshu\Desktop\new_train\training_residuals\DEPLOYMENT_TRAINING\residuals_stress\G1_W_L\ip_frst_Arc_defect_all_tracks_111\stress_residual.csv,C:\Users\Priyanshu\Desktop\new_train\training_residuals\DEPLOYMENT_TRAINING\events_equivstress\G1_W_L\ip_frst_Arc_defect_all_tracks_111\events_topk.csv,48578,1457,1457,0,3.0,0.0,0.03,1000,10000,OK
G2_S_H,ip_1and3line_3_arc_78910,C:\Users\Priyanshu\Desktop\new_train\training_residuals\DEPLOYMENT_TRAINING\residuals_stress\G2_S_H\ip_1and3line_3_arc_78910\stress_residual.csv,C:\Users\Priyanshu\Desktop\new_train\training_residuals\DEPLOYMENT_TRAINING\events_equivstress\G2_S_H\ip_1and3line_3_arc_78910\events_topk.csv,101960,3059,3059,0,3.0,0.0,0.03,1000,10000,OK
G2_S_H,Ip_1track_1_arc_345,C:\Users\Priyanshu\Desktop\new_train\training_residuals\DEPLOYMENT_TRAINING\residuals_stress\G2_S_H\Ip_1track_1_arc_345\stress_residual.csv,C:\Users\Priyanshu\Desktop\new_train\training_residuals\DEPLOYMENT_TRAINING\events_equivstress\G2_S_H\Ip_1track_1_arc_345\events_topk.csv,50841,1525,1525,0,3.0,0.0,0.03,1000,10000,OK
G2_S_H,ip_2_arc_all_tracks_222,C:\Users\Priyanshu\Desktop\new_train\training_residuals\DEPLOYMENT_TRAINING\residuals_stress\G2_S_H\ip_2_arc_all_tracks_222\stress_residual.csv,C:\Users\Priyanshu\Desktop\new_train\training_residuals\DEPLOYMENT_TRAINING\events_equivstress\G2_S_H\ip_2_arc_all_tracks_222\events_topk.csv,35938,1078,1078,0,3.0,0.0,0.03,1000,10000,OK
G2_S_H,ip_3track_1_arc_678,C:\Users\Priyanshu\Desktop\new_train\training_residuals\DEPLOYMENT_TRAINING\residuals_stress\G2_S_H\ip_3track_1_arc_678\stress_residual.csv,C:\Users\Priyanshu\Desktop\new_train\training_residuals\DEPLOYMENT_TRAINING\events_equivstress\G2_S_H\ip_3track_1_arc_678\events_topk.csv,69509,2085,2085,0,3.0,0.0,0.03,1000,10000,OK
G2_S_H,ip_first_track_3arc_78910,C:\Users\Priyanshu\Desktop\new_train\training_residuals\DEPLOYMENT_TRAINING\residuals_stress\G2_S_H\ip_first_track_3arc_78910\stress_residual.csv,C:\Users\Priyanshu\Desktop\new_train\training_residuals\DEPLOYMENT_TRAINING\events_equivstress\G2_S_H\ip_first_track_3arc_78910\events_topk.csv,80624,2419,2419,0,3.0,0.0,0.03,1000,10000,OK
G2_S_H,ip_frst_Arc_defect_all_tracks_111,C:\Users\Priyanshu\Desktop\new_train\training_residuals\DEPLOYMENT_TRAINING\residuals_stress\G2_S_H\ip_frst_Arc_defect_all_tracks_111\stress_residual.csv,C:\Users\Priyanshu\Desktop\new_train\training_residuals\DEPLOYMENT_TRAINING\events_equivstress\G2_S_H\ip_frst_Arc_defect_all_tracks_111\events_topk.csv,34974,1049,1049,0,3.0,0.0,0.03,1000,10000,OK
G2_S_L,ip_1and3line_3_arc_78910,C:\Users\Priyanshu\Desktop\new_train\training_residuals\DEPLOYMENT_TRAINING\residuals_stress\G2_S_L\ip_1and3line_3_arc_78910\stress_residual.csv,C:\Users\Priyanshu\Desktop\new_train\training_residuals\DEPLOYMENT_TRAINING\events_equivstress\G2_S_L\ip_1and3line_3_arc_78910\events_topk.csv,106680,3200,3200,0,3.0,0.0,0.03,1000,10000,OK
G2_S_L,Ip_1track_1_arc_345,C:\Users\Priyanshu\Desktop\new_train\training_residuals\DEPLOYMENT_TRAINING\residuals_stress\G2_S_L\Ip_1track_1_arc_345\stress_residual.csv,C:\Users\Priyanshu\Desktop\new_train\training_residuals\DEPLOYMENT_TRAINING\events_equivstress\G2_S_L\Ip_1track_1_arc_345\events_topk.csv,54763,1643,1643,0,3.0,0.0,0.03,1000,10000,OK
G2_S_L,ip_2_arc_all_tracks_222,C:\Users\Priyanshu\Desktop\new_train\training_residuals\DEPLOYMENT_TRAINING\residuals_stress\G2_S_L\ip_2_arc_all_tracks_222\stress_residual.csv,C:\Users\Priyanshu\Desktop\new_train\training_residuals\DEPLOYMENT_TRAINING\events_equivstress\G2_S_L\ip_2_arc_all_tracks_222\events_topk.csv,36781,1103,1103,0,3.0,0.0,0.03,1000,10000,OK
G2_S_L,ip_3track_1_arc_678,C:\Users\Priyanshu\Desktop\new_train\training_residuals\DEPLOYMENT_TRAINING\residuals_stress\G2_S_L\ip_3track_1_arc_678\stress_residual.csv,C:\Users\Priyanshu\Desktop\new_train\training_residuals\DEPLOYMENT_TRAINING\events_equivstress\G2_S_L\ip_3track_1_arc_678\events_topk.csv,75734,2272,2272,0,3.0,0.0,0.03,1000,10000,OK
G2_S_L,ip_first_track_3arc_78910,C:\Users\Priyanshu\Desktop\new_train\training_residuals\DEPLOYMENT_TRAINING\residuals_stress\G2_S_L\ip_first_track_3arc_78910\stress_residual.csv,C:\Users\Priyanshu\Desktop\new_train\training_residuals\DEPLOYMENT_TRAINING\events_equivstress\G2_S_L\ip_first_track_3arc_78910\events_topk.csv,87072,2612,2612,0,3.0,0.0,0.03,1000,10000,OK
G2_S_L,ip_frst_Arc_defect_all_tracks_111,C:\Users\Priyanshu\Desktop\new_train\training_residuals\DEPLOYMENT_TRAINING\residuals_stress\G2_S_L\ip_frst_Arc_defect_all_tracks_111\stress_residual.csv,C:\Users\Priyanshu\Desktop\new_train\training_residuals\DEPLOYMENT_TRAINING\events_equivstress\G2_S_L\ip_frst_Arc_defect_all_tracks_111\events_topk.csv,33544,1006,1006,0,3.0,0.0,0.03,1000,10000,OK
G2_W_H,ip_1and3line_3_arc_78910,C:\Users\Priyanshu\Desktop\new_train\training_residuals\DEPLOYMENT_TRAINING\residuals_stress\G2_W_H\ip_1and3line_3_arc_78910\stress_residual.csv,C:\Users\Priyanshu\Desktop\new_train\training_residuals\DEPLOYMENT_TRAINING\events_equivstress\G2_W_H\ip_1and3line_3_arc_78910\events_topk.csv,99635,2989,2989,0,3.0,0.0,0.03,1000,10000,OK
G2_W_H,Ip_1track_1_arc_345,C:\Users\Priyanshu\Desktop\new_train\training_residuals\DEPLOYMENT_TRAINING\residuals_stress\G2_W_H\Ip_1track_1_arc_345\stress_residual.csv,C:\Users\Priyanshu\Desktop\new_train\training_residuals\DEPLOYMENT_TRAINING\events_equivstress\G2_W_H\Ip_1track_1_arc_345\events_topk.csv,49090,1473,1473,0,3.0,0.0,0.03,1000,10000,OK
G2_W_H,ip_2_arc_all_tracks_222,C:\Users\Priyanshu\Desktop\new_train\training_residuals\DEPLOYMENT_TRAINING\residuals_stress\G2_W_H\ip_2_arc_all_tracks_222\stress_residual.csv,C:\Users\Priyanshu\Desktop\new_train\training_residuals\DEPLOYMENT_TRAINING\events_equivstress\G2_W_H\ip_2_arc_all_tracks_222\events_topk.csv,45537,1366,1366,0,3.0,0.0,0.03,1000,10000,OK
G2_W_H,ip_3track_1_arc_678,C:\Users\Priyanshu\Desktop\new_train\training_residuals\DEPLOYMENT_TRAINING\residuals_stress\G2_W_H\ip_3track_1_arc_678\stress_residual.csv,C:\Users\Priyanshu\Desktop\new_train\training_residuals\DEPLOYMENT_TRAINING\events_equivstress\G2_W_H\ip_3track_1_arc_678\events_topk.csv,67574,2027,2027,0,3.0,0.0,0.03,1000,10000,OK
G2_W_H,ip_first_track_3arc_78910,C:\Users\Priyanshu\Desktop\new_train\training_residuals\DEPLOYMENT_TRAINING\residuals_stress\G2_W_H\ip_first_track_3arc_78910\stress_residual.csv,C:\Users\Priyanshu\Desktop\new_train\training_residuals\DEPLOYMENT_TRAINING\events_equivstress\G2_W_H\ip_first_track_3arc_78910\events_topk.csv,78602,2358,2358,0,3.0,0.0,0.03,1000,10000,OK
G2_W_H,ip_frst_Arc_defect_all_tracks_111,C:\Users\Priyanshu\Desktop\new_train\training_residuals\DEPLOYMENT_TRAINING\residuals_stress\G2_W_H\ip_frst_Arc_defect_all_tracks_111\stress_residual.csv,C:\Users\Priyanshu\Desktop\new_train\training_residuals\DEPLOYMENT_TRAINING\events_equivstress\G2_W_H\ip_frst_Arc_defect_all_tracks_111\events_topk.csv,40574,1217,1217,0,3.0,0.0,0.03,1000,10000,OK
G2_W_L,ip_1and3line_3_arc_78910,C:\Users\Priyanshu\Desktop\new_train\training_residuals\DEPLOYMENT_TRAINING\residuals_stress\G2_W_L\ip_1and3line_3_arc_78910\stress_residual.csv,C:\Users\Priyanshu\Desktop\new_train\training_residuals\DEPLOYMENT_TRAINING\events_equivstress\G2_W_L\ip_1and3line_3_arc_78910\events_topk.csv,102510,3075,3075,0,3.0,0.0,0.03,1000,10000,OK
G2_W_L,Ip_1track_1_arc_345,C:\Users\Priyanshu\Desktop\new_train\training_residuals\DEPLOYMENT_TRAINING\residuals_stress\G2_W_L\Ip_1track_1_arc_345\stress_residual.csv,C:\Users\Priyanshu\Desktop\new_train\training_residuals\DEPLOYMENT_TRAINING\events_equivstress\G2_W_L\Ip_1track_1_arc_345\events_topk.csv,50700,1521,1521,0,3.0,0.0,0.03,1000,10000,OK
G2_W_L,ip_2_arc_all_tracks_222,C:\Users\Priyanshu\Desktop\new_train\training_residuals\DEPLOYMENT_TRAINING\residuals_stress\G2_W_L\ip_2_arc_all_tracks_222\stress_residual.csv,C:\Users\Priyanshu\Desktop\new_train\training_residuals\DEPLOYMENT_TRAINING\events_equivstress\G2_W_L\ip_2_arc_all_tracks_222\events_topk.csv,45293,1359,1359,0,3.0,0.0,0.03,1000,10000,OK
G2_W_L,ip_3track_1_arc_678,C:\Users\Priyanshu\Desktop\new_train\training_residuals\DEPLOYMENT_TRAINING\residuals_stress\G2_W_L\ip_3track_1_arc_678\stress_residual.csv,C:\Users\Priyanshu\Desktop\new_train\training_residuals\DEPLOYMENT_TRAINING\events_equivstress\G2_W_L\ip_3track_1_arc_678\events_topk.csv,71031,2131,2131,0,3.0,0.0,0.03,1000,10000,OK
G2_W_L,ip_first_track_3arc_78910,C:\Users\Priyanshu\Desktop\new_train\training_residuals\DEPLOYMENT_TRAINING\residuals_stress\G2_W_L\ip_first_track_3arc_78910\stress_residual.csv,C:\Users\Priyanshu\Desktop\new_train\training_residuals\DEPLOYMENT_TRAINING\events_equivstress\G2_W_L\ip_first_track_3arc_78910\events_topk.csv,82485,2475,2475,0,3.0,0.0,0.03,1000,10000,OK
G2_W_L,ip_frst_Arc_defect_all_tracks_111,C:\Users\Priyanshu\Desktop\new_train\training_residuals\DEPLOYMENT_TRAINING\residuals_stress\G2_W_L\ip_frst_Arc_defect_all_tracks_111\stress_residual.csv,C:\Users\Priyanshu\Desktop\new_train\training_residuals\DEPLOYMENT_TRAINING\events_equivstress\G2_W_L\ip_frst_Arc_defect_all_tracks_111\events_topk.csv,40327,1210,1210,0,3.0,0.0,0.03,1000,10000,OK
G3_S_H,ip_1and3line_3_arc_78910,C:\Users\Priyanshu\Desktop\new_train\training_residuals\DEPLOYMENT_TRAINING\residuals_stress\G3_S_H\ip_1and3line_3_arc_78910\stress_residual.csv,C:\Users\Priyanshu\Desktop\new_train\training_residuals\DEPLOYMENT_TRAINING\events_equivstress\G3_S_H\ip_1and3line_3_arc_78910\events_topk.csv,71489,2145,2145,0,3.0,0.0,0.03,1000,10000,OK
G3_S_H,Ip_1track_1_arc_345,C:\Users\Priyanshu\Desktop\new_train\training_residuals\DEPLOYMENT_TRAINING\residuals_stress\G3_S_H\Ip_1track_1_arc_345\stress_residual.csv,C:\Users\Priyanshu\Desktop\new_train\training_residuals\DEPLOYMENT_TRAINING\events_equivstress\G3_S_H\Ip_1track_1_arc_345\events_topk.csv,24682,1000,1000,0,3.0,0.0,0.03,1000,10000,OK
G3_S_H,ip_2_arc_all_tracks_222,C:\Users\Priyanshu\Desktop\new_train\training_residuals\DEPLOYMENT_TRAINING\residuals_stress\G3_S_H\ip_2_arc_all_tracks_222\stress_residual.csv,C:\Users\Priyanshu\Desktop\new_train\training_residuals\DEPLOYMENT_TRAINING\events_equivstress\G3_S_H\ip_2_arc_all_tracks_222\events_topk.csv,18679,1000,1000,0,3.0,0.0,0.03,1000,10000,OK
G3_S_H,ip_3track_1_arc_678,C:\Users\Priyanshu\Desktop\new_train\training_residuals\DEPLOYMENT_TRAINING\residuals_stress\G3_S_H\ip_3track_1_arc_678\stress_residual.csv,C:\Users\Priyanshu\Desktop\new_train\training_residuals\DEPLOYMENT_TRAINING\events_equivstress\G3_S_H\ip_3track_1_arc_678\events_topk.csv,42484,1275,1275,0,3.0,0.0,0.03,1000,10000,OK
G3_S_H,ip_first_track_3arc_78910,C:\Users\Priyanshu\Desktop\new_train\training_residuals\DEPLOYMENT_TRAINING\residuals_stress\G3_S_H\ip_first_track_3arc_78910\stress_residual.csv,C:\Users\Priyanshu\Desktop\new_train\training_residuals\DEPLOYMENT_TRAINING\events_equivstress\G3_S_H\ip_first_track_3arc_78910\events_topk.csv,52923,1588,1588,0,3.0,0.0,0.03,1000,10000,OK
G3_S_H,ip_frst_Arc_defect_all_tracks_111,C:\Users\Priyanshu\Desktop\new_train\training_residuals\DEPLOYMENT_TRAINING\residuals_stress\G3_S_H\ip_frst_Arc_defect_all_tracks_111\stress_residual.csv,C:\Users\Priyanshu\Desktop\new_train\training_residuals\DEPLOYMENT_TRAINING\events_equivstress\G3_S_H\ip_frst_Arc_defect_all_tracks_111\events_topk.csv,235288,7059,7059,0,3.0,0.0,0.03,1000,10000,OK
G3_S_L,ip_1and3line_3_arc_78910,C:\Users\Priyanshu\Desktop\new_train\training_residuals\DEPLOYMENT_TRAINING\residuals_stress\G3_S_L\ip_1and3line_3_arc_78910\stress_residual.csv,C:\Users\Priyanshu\Desktop\new_train\training_residuals\DEPLOYMENT_TRAINING\events_equivstress\G3_S_L\ip_1and3line_3_arc_78910\events_topk.csv,104657,3140,3140,0,3.0,0.0,0.03,1000,10000,OK
G3_S_L,Ip_1track_1_arc_345,C:\Users\Priyanshu\Desktop\new_train\training_residuals\DEPLOYMENT_TRAINING\residuals_stress\G3_S_L\Ip_1track_1_arc_345\stress_residual.csv,C:\Users\Priyanshu\Desktop\new_train\training_residuals\DEPLOYMENT_TRAINING\events_equivstress\G3_S_L\Ip_1track_1_arc_345\events_topk.csv,54111,1623,1623,0,3.0,0.0,0.03,1000,10000,OK
G3_S_L,ip_2_arc_all_tracks_222,C:\Users\Priyanshu\Desktop\new_train\training_residuals\DEPLOYMENT_TRAINING\residuals_stress\G3_S_L\ip_2_arc_all_tracks_222\stress_residual.csv,C:\Users\Priyanshu\Desktop\new_train\training_residuals\DEPLOYMENT_TRAINING\events_equivstress\G3_S_L\ip_2_arc_all_tracks_222\events_topk.csv,27625,1000,1000,0,3.0,0.0,0.03,1000,10000,OK
G3_S_L,ip_3track_1_arc_678,C:\Users\Priyanshu\Desktop\new_train\training_residuals\DEPLOYMENT_TRAINING\residuals_stress\G3_S_L\ip_3track_1_arc_678\stress_residual.csv,C:\Users\Priyanshu\Desktop\new_train\training_residuals\DEPLOYMENT_TRAINING\events_equivstress\G3_S_L\ip_3track_1_arc_678\events_topk.csv,73696,2211,2211,0,3.0,0.0,0.03,1000,10000,OK
G3_S_L,ip_first_track_3arc_78910,C:\Users\Priyanshu\Desktop\new_train\training_residuals\DEPLOYMENT_TRAINING\residuals_stress\G3_S_L\ip_first_track_3arc_78910\stress_residual.csv,C:\Users\Priyanshu\Desktop\new_train\training_residuals\DEPLOYMENT_TRAINING\events_equivstress\G3_S_L\ip_first_track_3arc_78910\events_topk.csv,85056,2552,2552,0,3.0,0.0,0.03,1000,10000,OK
G3_S_L,ip_frst_Arc_defect_all_tracks_111,C:\Users\Priyanshu\Desktop\new_train\training_residuals\DEPLOYMENT_TRAINING\residuals_stress\G3_S_L\ip_frst_Arc_defect_all_tracks_111\stress_residual.csv,C:\Users\Priyanshu\Desktop\new_train\training_residuals\DEPLOYMENT_TRAINING\events_equivstress\G3_S_L\ip_frst_Arc_defect_all_tracks_111\events_topk.csv,41036,1231,1231,0,3.0,0.0,0.03,1000,10000,OK
G3_W_H,ip_1and3line_3_arc_78910,C:\Users\Priyanshu\Desktop\new_train\training_residuals\DEPLOYMENT_TRAINING\residuals_stress\G3_W_H\ip_1and3line_3_arc_78910\stress_residual.csv,C:\Users\Priyanshu\Desktop\new_train\training_residuals\DEPLOYMENT_TRAINING\events_equivstress\G3_W_H\ip_1and3line_3_arc_78910\events_topk.csv,95452,2864,2864,0,3.0,0.0,0.03,1000,10000,OK
G3_W_H,Ip_1track_1_arc_345,C:\Users\Priyanshu\Desktop\new_train\training_residuals\DEPLOYMENT_TRAINING\residuals_stress\G3_W_H\Ip_1track_1_arc_345\stress_residual.csv,C:\Users\Priyanshu\Desktop\new_train\training_residuals\DEPLOYMENT_TRAINING\events_equivstress\G3_W_H\Ip_1track_1_arc_345\events_topk.csv,48101,1443,1443,0,3.0,0.0,0.03,1000,10000,OK
G3_W_H,ip_2_arc_all_tracks_222,C:\Users\Priyanshu\Desktop\new_train\training_residuals\DEPLOYMENT_TRAINING\residuals_stress\G3_W_H\ip_2_arc_all_tracks_222\stress_residual.csv,C:\Users\Priyanshu\Desktop\new_train\training_residuals\DEPLOYMENT_TRAINING\events_equivstress\G3_W_H\ip_2_arc_all_tracks_222\events_topk.csv,29014,1000,1000,0,3.0,0.0,0.03,1000,10000,OK
G3_W_H,ip_3track_1_arc_678,C:\Users\Priyanshu\Desktop\new_train\training_residuals\DEPLOYMENT_TRAINING\residuals_stress\G3_W_H\ip_3track_1_arc_678\stress_residual.csv,C:\Users\Priyanshu\Desktop\new_train\training_residuals\DEPLOYMENT_TRAINING\events_equivstress\G3_W_H\ip_3track_1_arc_678\events_topk.csv,65125,1954,1954,0,3.0,0.0,0.03,1000,10000,OK
G3_W_H,ip_first_track_3arc_78910,C:\Users\Priyanshu\Desktop\new_train\training_residuals\DEPLOYMENT_TRAINING\residuals_stress\G3_W_H\ip_first_track_3arc_78910\stress_residual.csv,C:\Users\Priyanshu\Desktop\new_train\training_residuals\DEPLOYMENT_TRAINING\events_equivstress\G3_W_H\ip_first_track_3arc_78910\events_topk.csv,73931,2218,2218,0,3.0,0.0,0.03,1000,10000,OK
G3_W_H,ip_frst_Arc_defect_all_tracks_111,C:\Users\Priyanshu\Desktop\new_train\training_residuals\DEPLOYMENT_TRAINING\residuals_stress\G3_W_H\ip_frst_Arc_defect_all_tracks_111\stress_residual.csv,C:\Users\Priyanshu\Desktop\new_train\training_residuals\DEPLOYMENT_TRAINING\events_equivstress\G3_W_H\ip_frst_Arc_defect_all_tracks_111\events_topk.csv,48927,1468,1468,0,3.0,0.0,0.03,1000,10000,OK
G3_W_L,ip_1and3line_3_arc_78910,C:\Users\Priyanshu\Desktop\new_train\training_residuals\DEPLOYMENT_TRAINING\residuals_stress\G3_W_L\ip_1and3line_3_arc_78910\stress_residual.csv,C:\Users\Priyanshu\Desktop\new_train\training_residuals\DEPLOYMENT_TRAINING\events_equivstress\G3_W_L\ip_1and3line_3_arc_78910\events_topk.csv,102296,3069,3069,0,3.0,0.0,0.03,1000,10000,OK
G3_W_L,Ip_1track_1_arc_345,C:\Users\Priyanshu\Desktop\new_train\training_residuals\DEPLOYMENT_TRAINING\residuals_stress\G3_W_L\Ip_1track_1_arc_345\stress_residual.csv,C:\Users\Priyanshu\Desktop\new_train\training_residuals\DEPLOYMENT_TRAINING\events_equivstress\G3_W_L\Ip_1track_1_arc_345\events_topk.csv,52431,1573,1573,0,3.0,0.0,0.03,1000,10000,OK
G3_W_L,ip_2_arc_all_tracks_222,C:\Users\Priyanshu\Desktop\new_train\training_residuals\DEPLOYMENT_TRAINING\residuals_stress\G3_W_L\ip_2_arc_all_tracks_222\stress_residual.csv,C:\Users\Priyanshu\Desktop\new_train\training_residuals\DEPLOYMENT_TRAINING\events_equivstress\G3_W_L\ip_2_arc_all_tracks_222\events_topk.csv,30887,1000,1000,0,3.0,0.0,0.03,1000,10000,OK
G3_W_L,ip_3track_1_arc_678,C:\Users\Priyanshu\Desktop\new_train\training_residuals\DEPLOYMENT_TRAINING\residuals_stress\G3_W_L\ip_3track_1_arc_678\stress_residual.csv,C:\Users\Priyanshu\Desktop\new_train\training_residuals\DEPLOYMENT_TRAINING\events_equivstress\G3_W_L\ip_3track_1_arc_678\events_topk.csv,72190,2166,2166,0,3.0,0.0,0.03,1000,10000,OK
G3_W_L,ip_first_track_3arc_78910,C:\Users\Priyanshu\Desktop\new_train\training_residuals\DEPLOYMENT_TRAINING\residuals_stress\G3_W_L\ip_first_track_3arc_78910\stress_residual.csv,C:\Users\Priyanshu\Desktop\new_train\training_residuals\DEPLOYMENT_TRAINING\events_equivstress\G3_W_L\ip_first_track_3arc_78910\events_topk.csv,82093,2463,2463,0,3.0,0.0,0.03,1000,10000,OK
G3_W_L,ip_frst_Arc_defect_all_tracks_111,C:\Users\Priyanshu\Desktop\new_train\training_residuals\DEPLOYMENT_TRAINING\residuals_stress\G3_W_L\ip_frst_Arc_defect_all_tracks_111\stress_residual.csv,C:\Users\Priyanshu\Desktop\new_train\training_residuals\DEPLOYMENT_TRAINING\events_equivstress\G3_W_L\ip_frst_Arc_defect_all_tracks_111\events_topk.csv,49554,1487,1487,0,3.0,0.0,0.03,1000,10000,OK
G4_S_H,ip_1and3line_3_arc_78910,C:\Users\Priyanshu\Desktop\new_train\training_residuals\DEPLOYMENT_TRAINING\residuals_stress\G4_S_H\ip_1and3line_3_arc_78910\stress_residual.csv,C:\Users\Priyanshu\Desktop\new_train\training_residuals\DEPLOYMENT_TRAINING\events_equivstress\G4_S_H\ip_1and3line_3_arc_78910\events_topk.csv,104821,3145,3145,0,3.0,0.0,0.03,1000,10000,OK
G4_S_H,Ip_1track_1_arc_345,C:\Users\Priyanshu\Desktop\new_train\training_residuals\DEPLOYMENT_TRAINING\residuals_stress\G4_S_H\Ip_1track_1_arc_345\stress_residual.csv,C:\Users\Priyanshu\Desktop\new_train\training_residuals\DEPLOYMENT_TRAINING\events_equivstress\G4_S_H\Ip_1track_1_arc_345\events_topk.csv,59455,1784,1784,0,3.0,0.0,0.03,1000,10000,OK
G4_S_H,ip_3track_1_arc_678,C:\Users\Priyanshu\Desktop\new_train\training_residuals\DEPLOYMENT_TRAINING\residuals_stress\G4_S_H\ip_3track_1_arc_678\stress_residual.csv,C:\Users\Priyanshu\Desktop\new_train\training_residuals\DEPLOYMENT_TRAINING\events_equivstress\G4_S_H\ip_3track_1_arc_678\events_topk.csv,77943,2338,2338,0,3.0,0.0,0.03,1000,10000,OK
G4_S_H,ip_frst_Arc_defect_all_tracks_111,C:\Users\Priyanshu\Desktop\new_train\training_residuals\DEPLOYMENT_TRAINING\residuals_stress\G4_S_H\ip_frst_Arc_defect_all_tracks_111\stress_residual.csv,C:\Users\Priyanshu\Desktop\new_train\training_residuals\DEPLOYMENT_TRAINING\events_equivstress\G4_S_H\ip_frst_Arc_defect_all_tracks_111\events_topk.csv,44850,1346,1346,0,3.0,0.0,0.03,1000,10000,OK
G4_S_L,ip_1and3line_3_arc_78910,C:\Users\Priyanshu\Desktop\new_train\training_residuals\DEPLOYMENT_TRAINING\residuals_stress\G4_S_L\ip_1and3line_3_arc_78910\stress_residual.csv,C:\Users\Priyanshu\Desktop\new_train\training_residuals\DEPLOYMENT_TRAINING\events_equivstress\G4_S_L\ip_1and3line_3_arc_78910\events_topk.csv,106442,3193,3193,0,3.0,0.0,0.03,1000,10000,OK
G4_S_L,Ip_1track_1_arc_345,C:\Users\Priyanshu\Desktop\new_train\training_residuals\DEPLOYMENT_TRAINING\residuals_stress\G4_S_L\Ip_1track_1_arc_345\stress_residual.csv,C:\Users\Priyanshu\Desktop\new_train\training_residuals\DEPLOYMENT_TRAINING\events_equivstress\G4_S_L\Ip_1track_1_arc_345\events_topk.csv,60498,1815,1815,0,3.0,0.0,0.03,1000,10000,OK
G4_S_L,ip_3track_1_arc_678,C:\Users\Priyanshu\Desktop\new_train\training_residuals\DEPLOYMENT_TRAINING\residuals_stress\G4_S_L\ip_3track_1_arc_678\stress_residual.csv,C:\Users\Priyanshu\Desktop\new_train\training_residuals\DEPLOYMENT_TRAINING\events_equivstress\G4_S_L\ip_3track_1_arc_678\events_topk.csv,80040,2401,2401,0,3.0,0.0,0.03,1000,10000,OK
G4_S_L,ip_frst_Arc_defect_all_tracks_111,C:\Users\Priyanshu\Desktop\new_train\training_residuals\DEPLOYMENT_TRAINING\residuals_stress\G4_S_L\ip_frst_Arc_defect_all_tracks_111\stress_residual.csv,C:\Users\Priyanshu\Desktop\new_train\training_residuals\DEPLOYMENT_TRAINING\events_equivstress\G4_S_L\ip_frst_Arc_defect_all_tracks_111\events_topk.csv,43097,1293,1293,0,3.0,0.0,0.03,1000,10000,OK
G4_W_H,ip_1and3line_3_arc_78910,C:\Users\Priyanshu\Desktop\new_train\training_residuals\DEPLOYMENT_TRAINING\residuals_stress\G4_W_H\ip_1and3line_3_arc_78910\stress_residual.csv,C:\Users\Priyanshu\Desktop\new_train\training_residuals\DEPLOYMENT_TRAINING\events_equivstress\G4_W_H\ip_1and3line_3_arc_78910\events_topk.csv,98649,2959,2959,0,3.0,0.0,0.03,1000,10000,OK
G4_W_H,Ip_1track_1_arc_345,C:\Users\Priyanshu\Desktop\new_train\training_residuals\DEPLOYMENT_TRAINING\residuals_stress\G4_W_H\Ip_1track_1_arc_345\stress_residual.csv,C:\Users\Priyanshu\Desktop\new_train\training_residuals\DEPLOYMENT_TRAINING\events_equivstress\G4_W_H\Ip_1track_1_arc_345\events_topk.csv,54780,1643,1643,0,3.0,0.0,0.03,1000,10000,OK
G4_W_H,ip_3track_1_arc_678,C:\Users\Priyanshu\Desktop\new_train\training_residuals\DEPLOYMENT_TRAINING\residuals_stress\G4_W_H\ip_3track_1_arc_678\stress_residual.csv,C:\Users\Priyanshu\Desktop\new_train\training_residuals\DEPLOYMENT_TRAINING\events_equivstress\G4_W_H\ip_3track_1_arc_678\events_topk.csv,72811,2184,2184,0,3.0,0.0,0.03,1000,10000,OK
G4_W_H,ip_frst_Arc_defect_all_tracks_111,C:\Users\Priyanshu\Desktop\new_train\training_residuals\DEPLOYMENT_TRAINING\residuals_stress\G4_W_H\ip_frst_Arc_defect_all_tracks_111\stress_residual.csv,C:\Users\Priyanshu\Desktop\new_train\training_residuals\DEPLOYMENT_TRAINING\events_equivstress\G4_W_H\ip_frst_Arc_defect_all_tracks_111\events_topk.csv,48785,1464,1464,0,3.0,0.0,0.03,1000,10000,OK
G4_W_L,ip_1and3line_3_arc_78910,C:\Users\Priyanshu\Desktop\new_train\training_residuals\DEPLOYMENT_TRAINING\residuals_stress\G4_W_L\ip_1and3line_3_arc_78910\stress_residual.csv,C:\Users\Priyanshu\Desktop\new_train\training_residuals\DEPLOYMENT_TRAINING\events_equivstress\G4_W_L\ip_1and3line_3_arc_78910\events_topk.csv,102131,3064,3064,0,3.0,0.0,0.03,1000,10000,OK
G4_W_L,Ip_1track_1_arc_345,C:\Users\Priyanshu\Desktop\new_train\training_residuals\DEPLOYMENT_TRAINING\residuals_stress\G4_W_L\Ip_1track_1_arc_345\stress_residual.csv,C:\Users\Priyanshu\Desktop\new_train\training_residuals\DEPLOYMENT_TRAINING\events_equivstress\G4_W_L\Ip_1track_1_arc_345\events_topk.csv,57525,1726,1726,0,3.0,0.0,0.03,1000,10000,OK
G4_W_L,ip_3track_1_arc_678,C:\Users\Priyanshu\Desktop\new_train\training_residuals\DEPLOYMENT_TRAINING\residuals_stress\G4_W_L\ip_3track_1_arc_678\stress_residual.csv,C:\Users\Priyanshu\Desktop\new_train\training_residuals\DEPLOYMENT_TRAINING\events_equivstress\G4_W_L\ip_3track_1_arc_678\events_topk.csv,75876,2276,2276,0,3.0,0.0,0.03,1000,10000,OK
G4_W_L,ip_frst_Arc_defect_all_tracks_111,C:\Users\Priyanshu\Desktop\new_train\training_residuals\DEPLOYMENT_TRAINING\residuals_stress\G4_W_L\ip_frst_Arc_defect_all_tracks_111\stress_residual.csv,C:\Users\Priyanshu\Desktop\new_train\training_residuals\DEPLOYMENT_TRAINING\events_equivstress\G4_W_L\ip_frst_Arc_defect_all_tracks_111\events_topk.csv,45049,1351,1351,0,3.0,0.0,0.03,1000,10000,OK
