regime_key,case_type,residual_csv_path
G1_S_H,Ip_1track_1_arc_345,C:\Users\Priyanshu\Desktop\new_train\training_residuals\DEPLOYMENT_TRAINING\residuals_stress\G1_S_H\Ip_1track_1_arc_345\stress_residual.csv
G1_S_H,ip_1and3line_3_arc_78910,C:\Users\Priyanshu\Desktop\new_train\training_residuals\DEPLOYMENT_TRAINING\residuals_stress\G1_S_H\ip_1and3line_3_arc_78910\stress_residual.csv
G1_S_H,ip_2_arc_all_tracks_222,C:\Users\Priyanshu\Desktop\new_train\training_residuals\DEPLOYMENT_TRAINING\residuals_stress\G1_S_H\ip_2_arc_all_tracks_222\stress_residual.csv
G1_S_H,ip_3track_1_arc_678,C:\Users\Priyanshu\Desktop\new_train\training_residuals\DEPLOYMENT_TRAINING\residuals_stress\G1_S_H\ip_3track_1_arc_678\stress_residual.csv
G1_S_H,ip_first_track_3arc_78910,C:\Users\Priyanshu\Desktop\new_train\training_residuals\DEPLOYMENT_TRAINING\residuals_stress\G1_S_H\ip_first_track_3arc_78910\stress_residual.csv
G1_S_H,ip_frst_Arc_defect_all_tracks_111,C:\Users\Priyanshu\Desktop\new_train\training_residuals\DEPLOYMENT_TRAINING\residuals_stress\G1_S_H\ip_frst_Arc_defect_all_tracks_111\stress_residual.csv
G1_S_L,Ip_1track_1_arc_345,C:\Users\Priyanshu\Desktop\new_train\training_residuals\DEPLOYMENT_TRAINING\residuals_stress\G1_S_L\Ip_1track_1_arc_345\stress_residual.csv
G1_S_L,ip_1and3line_3_arc_78910,C:\Users\Priyanshu\Desktop\new_train\training_residuals\DEPLOYMENT_TRAINING\residuals_stress\G1_S_L\ip_1and3line_3_arc_78910\stress_residual.csv
G1_S_L,ip_2_arc_all_tracks_222,C:\Users\Priyanshu\Desktop\new_train\training_residuals\DEPLOYMENT_TRAINING\residuals_stress\G1_S_L\ip_2_arc_all_tracks_222\stress_residual.csv
G1_S_L,ip_3track_1_arc_678,C:\Users\Priyanshu\Desktop\new_train\training_residuals\DEPLOYMENT_TRAINING\residuals_stress\G1_S_L\ip_3track_1_arc_678\stress_residual.csv
G1_S_L,ip_first_track_3arc_78910,C:\Users\Priyanshu\Desktop\new_train\training_residuals\DEPLOYMENT_TRAINING\residuals_stress\G1_S_L\ip_first_track_3arc_78910\stress_residual.csv
G1_S_L,ip_frst_Arc_defect_all_tracks_111,C:\Users\Priyanshu\Desktop\new_train\training_residuals\DEPLOYMENT_TRAINING\residuals_stress\G1_S_L\ip_frst_Arc_defect_all_tracks_111\stress_residual.csv
G1_W_H,Ip_1track_1_arc_345,C:\Users\Priyanshu\Desktop\new_train\training_residuals\DEPLOYMENT_TRAINING\residuals_stress\G1_W_H\Ip_1track_1_arc_345\stress_residual.csv
G1_W_H,ip_1and3line_3_arc_78910,C:\Users\Priyanshu\Desktop\new_train\training_residuals\DEPLOYMENT_TRAINING\residuals_stress\G1_W_H\ip_1and3line_3_arc_78910\stress_residual.csv
G1_W_H,ip_2_arc_all_tracks_222,C:\Users\Priyanshu\Desktop\new_train\training_residuals\DEPLOYMENT_TRAINING\residuals_stress\G1_W_H\ip_2_arc_all_tracks_222\stress_residual.csv
G1_W_H,ip_3track_1_arc_678,C:\Users\Priyanshu\Desktop\new_train\training_residuals\DEPLOYMENT_TRAINING\residuals_stress\G1_W_H\ip_3track_1_arc_678\stress_residual.csv
G1_W_H,ip_first_track_3arc_78910,C:\Users\Priyanshu\Desktop\new_train\training_residuals\DEPLOYMENT_TRAINING\residuals_stress\G1_W_H\ip_first_track_3arc_78910\stress_residual.csv
G1_W_H,ip_frst_Arc_defect_all_tracks_111,C:\Users\Priyanshu\Desktop\new_train\training_residuals\DEPLOYMENT_TRAINING\residuals_stress\G1_W_H\ip_frst_Arc_defect_all_tracks_111\stress_residual.csv
G1_W_L,Ip_1track_1_arc_345,C:\Users\Priyanshu\Desktop\new_train\training_residuals\DEPLOYMENT_TRAINING\residuals_stress\G1_W_L\Ip_1track_1_arc_345\stress_residual.csv
G1_W_L,ip_1and3line_3_arc_78910,C:\Users\Priyanshu\Desktop\new_train\training_residuals\DEPLOYMENT_TRAINING\residuals_stress\G1_W_L\ip_1and3line_3_arc_78910\stress_residual.csv
G1_W_L,ip_2_arc_all_tracks_222,C:\Users\Priyanshu\Desktop\new_train\training_residuals\DEPLOYMENT_TRAINING\residuals_stress\G1_W_L\ip_2_arc_all_tracks_222\stress_residual.csv
G1_W_L,ip_3track_1_arc_678,C:\Users\Priyanshu\Desktop\new_train\training_residuals\DEPLOYMENT_TRAINING\residuals_stress\G1_W_L\ip_3track_1_arc_678\stress_residual.csv
G1_W_L,ip_first_track_3arc_78910,C:\Users\Priyanshu\Desktop\new_train\training_residuals\DEPLOYMENT_TRAINING\residuals_stress\G1_W_L\ip_first_track_3arc_78910\stress_residual.csv
G1_W_L,ip_frst_Arc_defect_all_tracks_111,C:\Users\Priyanshu\Desktop\new_train\training_residuals\DEPLOYMENT_TRAINING\residuals_stress\G1_W_L\ip_frst_Arc_defect_all_tracks_111\stress_residual.csv
G2_S_H,Ip_1track_1_arc_345,C:\Users\Priyanshu\Desktop\new_train\training_residuals\DEPLOYMENT_TRAINING\residuals_stress\G2_S_H\Ip_1track_1_arc_345\stress_residual.csv
G2_S_H,ip_1and3line_3_arc_78910,C:\Users\Priyanshu\Desktop\new_train\training_residuals\DEPLOYMENT_TRAINING\residuals_stress\G2_S_H\ip_1and3line_3_arc_78910\stress_residual.csv
G2_S_H,ip_2_arc_all_tracks_222,C:\Users\Priyanshu\Desktop\new_train\training_residuals\DEPLOYMENT_TRAINING\residuals_stress\G2_S_H\ip_2_arc_all_tracks_222\stress_residual.csv
G2_S_H,ip_3track_1_arc_678,C:\Users\Priyanshu\Desktop\new_train\training_residuals\DEPLOYMENT_TRAINING\residuals_stress\G2_S_H\ip_3track_1_arc_678\stress_residual.csv
G2_S_H,ip_first_track_3arc_78910,C:\Users\Priyanshu\Desktop\new_train\training_residuals\DEPLOYMENT_TRAINING\residuals_stress\G2_S_H\ip_first_track_3arc_78910\stress_residual.csv
G2_S_H,ip_frst_Arc_defect_all_tracks_111,C:\Users\Priyanshu\Desktop\new_train\training_residuals\DEPLOYMENT_TRAINING\residuals_stress\G2_S_H\ip_frst_Arc_defect_all_tracks_111\stress_residual.csv
G2_S_L,Ip_1track_1_arc_345,C:\Users\Priyanshu\Desktop\new_train\training_residuals\DEPLOYMENT_TRAINING\residuals_stress\G2_S_L\Ip_1track_1_arc_345\stress_residual.csv
G2_S_L,ip_1and3line_3_arc_78910,C:\Users\Priyanshu\Desktop\new_train\training_residuals\DEPLOYMENT_TRAINING\residuals_stress\G2_S_L\ip_1and3line_3_arc_78910\stress_residual.csv
G2_S_L,ip_2_arc_all_tracks_222,C:\Users\Priyanshu\Desktop\new_train\training_residuals\DEPLOYMENT_TRAINING\residuals_stress\G2_S_L\ip_2_arc_all_tracks_222\stress_residual.csv
G2_S_L,ip_3track_1_arc_678,C:\Users\Priyanshu\Desktop\new_train\training_residuals\DEPLOYMENT_TRAINING\residuals_stress\G2_S_L\ip_3track_1_arc_678\stress_residual.csv
G2_S_L,ip_first_track_3arc_78910,C:\Users\Priyanshu\Desktop\new_train\training_residuals\DEPLOYMENT_TRAINING\residuals_stress\G2_S_L\ip_first_track_3arc_78910\stress_residual.csv
G2_S_L,ip_frst_Arc_defect_all_tracks_111,C:\Users\Priyanshu\Desktop\new_train\training_residuals\DEPLOYMENT_TRAINING\residuals_stress\G2_S_L\ip_frst_Arc_defect_all_tracks_111\stress_residual.csv
G2_W_H,Ip_1track_1_arc_345,C:\Users\Priyanshu\Desktop\new_train\training_residuals\DEPLOYMENT_TRAINING\residuals_stress\G2_W_H\Ip_1track_1_arc_345\stress_residual.csv
G2_W_H,ip_1and3line_3_arc_78910,C:\Users\Priyanshu\Desktop\new_train\training_residuals\DEPLOYMENT_TRAINING\residuals_stress\G2_W_H\ip_1and3line_3_arc_78910\stress_residual.csv
G2_W_H,ip_2_arc_all_tracks_222,C:\Users\Priyanshu\Desktop\new_train\training_residuals\DEPLOYMENT_TRAINING\residuals_stress\G2_W_H\ip_2_arc_all_tracks_222\stress_residual.csv
G2_W_H,ip_3track_1_arc_678,C:\Users\Priyanshu\Desktop\new_train\training_residuals\DEPLOYMENT_TRAINING\residuals_stress\G2_W_H\ip_3track_1_arc_678\stress_residual.csv
G2_W_H,ip_first_track_3arc_78910,C:\Users\Priyanshu\Desktop\new_train\training_residuals\DEPLOYMENT_TRAINING\residuals_stress\G2_W_H\ip_first_track_3arc_78910\stress_residual.csv
G2_W_H,ip_frst_Arc_defect_all_tracks_111,C:\Users\Priyanshu\Desktop\new_train\training_residuals\DEPLOYMENT_TRAINING\residuals_stress\G2_W_H\ip_frst_Arc_defect_all_tracks_111\stress_residual.csv
G2_W_L,Ip_1track_1_arc_345,C:\Users\Priyanshu\Desktop\new_train\training_residuals\DEPLOYMENT_TRAINING\residuals_stress\G2_W_L\Ip_1track_1_arc_345\stress_residual.csv
G2_W_L,ip_1and3line_3_arc_78910,C:\Users\Priyanshu\Desktop\new_train\training_residuals\DEPLOYMENT_TRAINING\residuals_stress\G2_W_L\ip_1and3line_3_arc_78910\stress_residual.csv
G2_W_L,ip_2_arc_all_tracks_222,C:\Users\Priyanshu\Desktop\new_train\training_residuals\DEPLOYMENT_TRAINING\residuals_stress\G2_W_L\ip_2_arc_all_tracks_222\stress_residual.csv
G2_W_L,ip_3track_1_arc_678,C:\Users\Priyanshu\Desktop\new_train\training_residuals\DEPLOYMENT_TRAINING\residuals_stress\G2_W_L\ip_3track_1_arc_678\stress_residual.csv
G2_W_L,ip_first_track_3arc_78910,C:\Users\Priyanshu\Desktop\new_train\training_residuals\DEPLOYMENT_TRAINING\residuals_stress\G2_W_L\ip_first_track_3arc_78910\stress_residual.csv
G2_W_L,ip_frst_Arc_defect_all_tracks_111,C:\Users\Priyanshu\Desktop\new_train\training_residuals\DEPLOYMENT_TRAINING\residuals_stress\G2_W_L\ip_frst_Arc_defect_all_tracks_111\stress_residual.csv
G3_S_H,Ip_1track_1_arc_345,C:\Users\Priyanshu\Desktop\new_train\training_residuals\DEPLOYMENT_TRAINING\residuals_stress\G3_S_H\Ip_1track_1_arc_345\stress_residual.csv
G3_S_H,ip_1and3line_3_arc_78910,C:\Users\Priyanshu\Desktop\new_train\training_residuals\DEPLOYMENT_TRAINING\residuals_stress\G3_S_H\ip_1and3line_3_arc_78910\stress_residual.csv
G3_S_H,ip_2_arc_all_tracks_222,C:\Users\Priyanshu\Desktop\new_train\training_residuals\DEPLOYMENT_TRAINING\residuals_stress\G3_S_H\ip_2_arc_all_tracks_222\stress_residual.csv
G3_S_H,ip_3track_1_arc_678,C:\Users\Priyanshu\Desktop\new_train\training_residuals\DEPLOYMENT_TRAINING\residuals_stress\G3_S_H\ip_3track_1_arc_678\stress_residual.csv
G3_S_H,ip_first_track_3arc_78910,C:\Users\Priyanshu\Desktop\new_train\training_residuals\DEPLOYMENT_TRAINING\residuals_stress\G3_S_H\ip_first_track_3arc_78910\stress_residual.csv
G3_S_H,ip_frst_Arc_defect_all_tracks_111,C:\Users\Priyanshu\Desktop\new_train\training_residuals\DEPLOYMENT_TRAINING\residuals_stress\G3_S_H\ip_frst_Arc_defect_all_tracks_111\stress_residual.csv
G3_S_L,Ip_1track_1_arc_345,C:\Users\Priyanshu\Desktop\new_train\training_residuals\DEPLOYMENT_TRAINING\residuals_stress\G3_S_L\Ip_1track_1_arc_345\stress_residual.csv
G3_S_L,ip_1and3line_3_arc_78910,C:\Users\Priyanshu\Desktop\new_train\training_residuals\DEPLOYMENT_TRAINING\residuals_stress\G3_S_L\ip_1and3line_3_arc_78910\stress_residual.csv
G3_S_L,ip_2_arc_all_tracks_222,C:\Users\Priyanshu\Desktop\new_train\training_residuals\DEPLOYMENT_TRAINING\residuals_stress\G3_S_L\ip_2_arc_all_tracks_222\stress_residual.csv
G3_S_L,ip_3track_1_arc_678,C:\Users\Priyanshu\Desktop\new_train\training_residuals\DEPLOYMENT_TRAINING\residuals_stress\G3_S_L\ip_3track_1_arc_678\stress_residual.csv
G3_S_L,ip_first_track_3arc_78910,C:\Users\Priyanshu\Desktop\new_train\training_residuals\DEPLOYMENT_TRAINING\residuals_stress\G3_S_L\ip_first_track_3arc_78910\stress_residual.csv
G3_S_L,ip_frst_Arc_defect_all_tracks_111,C:\Users\Priyanshu\Desktop\new_train\training_residuals\DEPLOYMENT_TRAINING\residuals_stress\G3_S_L\ip_frst_Arc_defect_all_tracks_111\stress_residual.csv
G3_W_H,Ip_1track_1_arc_345,C:\Users\Priyanshu\Desktop\new_train\training_residuals\DEPLOYMENT_TRAINING\residuals_stress\G3_W_H\Ip_1track_1_arc_345\stress_residual.csv
G3_W_H,ip_1and3line_3_arc_78910,C:\Users\Priyanshu\Desktop\new_train\training_residuals\DEPLOYMENT_TRAINING\residuals_stress\G3_W_H\ip_1and3line_3_arc_78910\stress_residual.csv
G3_W_H,ip_2_arc_all_tracks_222,C:\Users\Priyanshu\Desktop\new_train\training_residuals\DEPLOYMENT_TRAINING\residuals_stress\G3_W_H\ip_2_arc_all_tracks_222\stress_residual.csv
G3_W_H,ip_3track_1_arc_678,C:\Users\Priyanshu\Desktop\new_train\training_residuals\DEPLOYMENT_TRAINING\residuals_stress\G3_W_H\ip_3track_1_arc_678\stress_residual.csv
G3_W_H,ip_first_track_3arc_78910,C:\Users\Priyanshu\Desktop\new_train\training_residuals\DEPLOYMENT_TRAINING\residuals_stress\G3_W_H\ip_first_track_3arc_78910\stress_residual.csv
G3_W_H,ip_frst_Arc_defect_all_tracks_111,C:\Users\Priyanshu\Desktop\new_train\training_residuals\DEPLOYMENT_TRAINING\residuals_stress\G3_W_H\ip_frst_Arc_defect_all_tracks_111\stress_residual.csv
G3_W_L,Ip_1track_1_arc_345,C:\Users\Priyanshu\Desktop\new_train\training_residuals\DEPLOYMENT_TRAINING\residuals_stress\G3_W_L\Ip_1track_1_arc_345\stress_residual.csv
G3_W_L,ip_1and3line_3_arc_78910,C:\Users\Priyanshu\Desktop\new_train\training_residuals\DEPLOYMENT_TRAINING\residuals_stress\G3_W_L\ip_1and3line_3_arc_78910\stress_residual.csv
G3_W_L,ip_2_arc_all_tracks_222,C:\Users\Priyanshu\Desktop\new_train\training_residuals\DEPLOYMENT_TRAINING\residuals_stress\G3_W_L\ip_2_arc_all_tracks_222\stress_residual.csv
G3_W_L,ip_3track_1_arc_678,C:\Users\Priyanshu\Desktop\new_train\training_residuals\DEPLOYMENT_TRAINING\residuals_stress\G3_W_L\ip_3track_1_arc_678\stress_residual.csv
G3_W_L,ip_first_track_3arc_78910,C:\Users\Priyanshu\Desktop\new_train\training_residuals\DEPLOYMENT_TRAINING\residuals_stress\G3_W_L\ip_first_track_3arc_78910\stress_residual.csv
G3_W_L,ip_frst_Arc_defect_all_tracks_111,C:\Users\Priyanshu\Desktop\new_train\training_residuals\DEPLOYMENT_TRAINING\residuals_stress\G3_W_L\ip_frst_Arc_defect_all_tracks_111\stress_residual.csv
G4_S_H,Ip_1track_1_arc_345,C:\Users\Priyanshu\Desktop\new_train\training_residuals\DEPLOYMENT_TRAINING\residuals_stress\G4_S_H\Ip_1track_1_arc_345\stress_residual.csv
G4_S_H,ip_1and3line_3_arc_78910,C:\Users\Priyanshu\Desktop\new_train\training_residuals\DEPLOYMENT_TRAINING\residuals_stress\G4_S_H\ip_1and3line_3_arc_78910\stress_residual.csv
G4_S_H,ip_3track_1_arc_678,C:\Users\Priyanshu\Desktop\new_train\training_residuals\DEPLOYMENT_TRAINING\residuals_stress\G4_S_H\ip_3track_1_arc_678\stress_residual.csv
G4_S_H,ip_frst_Arc_defect_all_tracks_111,C:\Users\Priyanshu\Desktop\new_train\training_residuals\DEPLOYMENT_TRAINING\residuals_stress\G4_S_H\ip_frst_Arc_defect_all_tracks_111\stress_residual.csv
G4_S_L,Ip_1track_1_arc_345,C:\Users\Priyanshu\Desktop\new_train\training_residuals\DEPLOYMENT_TRAINING\residuals_stress\G4_S_L\Ip_1track_1_arc_345\stress_residual.csv
G4_S_L,ip_1and3line_3_arc_78910,C:\Users\Priyanshu\Desktop\new_train\training_residuals\DEPLOYMENT_TRAINING\residuals_stress\G4_S_L\ip_1and3line_3_arc_78910\stress_residual.csv
G4_S_L,ip_3track_1_arc_678,C:\Users\Priyanshu\Desktop\new_train\training_residuals\DEPLOYMENT_TRAINING\residuals_stress\G4_S_L\ip_3track_1_arc_678\stress_residual.csv
G4_S_L,ip_frst_Arc_defect_all_tracks_111,C:\Users\Priyanshu\Desktop\new_train\training_residuals\DEPLOYMENT_TRAINING\residuals_stress\G4_S_L\ip_frst_Arc_defect_all_tracks_111\stress_residual.csv
G4_W_H,Ip_1track_1_arc_345,C:\Users\Priyanshu\Desktop\new_train\training_residuals\DEPLOYMENT_TRAINING\residuals_stress\G4_W_H\Ip_1track_1_arc_345\stress_residual.csv
G4_W_H,ip_1and3line_3_arc_78910,C:\Users\Priyanshu\Desktop\new_train\training_residuals\DEPLOYMENT_TRAINING\residuals_stress\G4_W_H\ip_1and3line_3_arc_78910\stress_residual.csv
G4_W_H,ip_3track_1_arc_678,C:\Users\Priyanshu\Desktop\new_train\training_residuals\DEPLOYMENT_TRAINING\residuals_stress\G4_W_H\ip_3track_1_arc_678\stress_residual.csv
G4_W_H,ip_frst_Arc_defect_all_tracks_111,C:\Users\Priyanshu\Desktop\new_train\training_residuals\DEPLOYMENT_TRAINING\residuals_stress\G4_W_H\ip_frst_Arc_defect_all_tracks_111\stress_residual.csv
G4_W_L,Ip_1track_1_arc_345,C:\Users\Priyanshu\Desktop\new_train\training_residuals\DEPLOYMENT_TRAINING\residuals_stress\G4_W_L\Ip_1track_1_arc_345\stress_residual.csv
G4_W_L,ip_1and3line_3_arc_78910,C:\Users\Priyanshu\Desktop\new_train\training_residuals\DEPLOYMENT_TRAINING\residuals_stress\G4_W_L\ip_1and3line_3_arc_78910\stress_residual.csv
G4_W_L,ip_3track_1_arc_678,C:\Users\Priyanshu\Desktop\new_train\training_residuals\DEPLOYMENT_TRAINING\residuals_stress\G4_W_L\ip_3track_1_arc_678\stress_residual.csv
G4_W_L,ip_frst_Arc_defect_all_tracks_111,C:\Users\Priyanshu\Desktop\new_train\training_residuals\DEPLOYMENT_TRAINING\residuals_stress\G4_W_L\ip_frst_Arc_defect_all_tracks_111\stress_residual.csv
