rank,node_number,x_n,y_n,z_n,t_n,score
1,3107,0.125,0.2408875,0.9729671123960967,0.13793103448275862,29995.999199999995
2,4997,0.625,0.215625,0.7490784242862305,0.0,9999.199199999997
3,12156,0.375,0.746875,0.6534465727020841,0.3448275862068966,7999.499299999999
4,12917,0.625,0.6940000000000001,0.8251897361763642,0.9655172413793103,6666.832749999999
5,3866,0.375,0.246875,0.9027707505119864,0.27586206896551724,6000.399299999999
6,12166,0.375,0.71875,0.7718949524153716,0.13793103448275862,5000.099299999999
7,1300,0.625,0.375,0.6023370678231538,0.3448275862068966,4998.099299999999
8,370,0.375,0.609375,0.62643055053608,0.48275862068965514,4545.544818181817
9,8589,0.625,0.590625,0.62643055053608,0.0,3999.799299999999
10,13752,0.8625,0.684375,0.8297072641850378,0.48275862068965514,2727.3629999999994
11,21941,0.8625,0.1587375,0.9813155041561258,0.6206896551724137,2000.7992999999997
12,19843,0.15466125,0.269296875,0.9233224912661124,0.0,1993.6992999999995
13,23138,0.3388125,0.179059375,0.9995904107938802,0.6206896551724137,1975.7992999999997
14,16666,0.5887374999999999,0.06968125,0.8567883387543669,0.8275862068965517,1431.3299713876966
15,20479,0.3625,0.12445312500000001,0.9534393446572701,0.3448275862068966,1014.4992999999998
16,7985,0.3625,0.59375,0.6827141308276111,0.0,999.9892999999998
17,10869,0.125,0.73371875,0.8866401638356823,0.27586206896551724,700.0093999999999
18,1830,0.9375,0.921875,0.6023370678231538,0.13793103448275862,699.9893999999998
19,9410,0.875,0.531625,0.9902300927599084,0.0,699.6793999999999
20,2408,0.1125,0.146021875,0.8653776653415252,0.6206896551724137,689.0893999999998
21,8298,0.625,0.625,0.8084809059149499,0.9655172413793103,666.5745
22,11683,0.3625,0.903125,0.8142633417660522,1.0,554.9715871254161
23,2313,0.1125,0.2550875,0.9567642452716538,0.6896551724137931,500.8661666666666
24,9089,0.6125,0.46875,0.7245512588844717,0.6896551724137931,499.8911666666666
25,2780,0.125,0.0840125,0.8218527888206241,0.6896551724137931,497.9411666666666
26,6271,0.125,0.625,0.7872545476448619,1.0,443.8728079911209
27,5466,0.8625,0.15625,0.8717383447777376,1.0,441.7196448390676
28,4195,0.375,0.24490625000000002,0.9562703288760389,0.8275862068965517,358.71201716738193
29,4635,0.6125,0.0328125,0.6552355137935189,0.8275862068965517,357.8822603719599
30,12668,0.6125,0.9601875,0.6691205878809782,1.0,221.90832408435068
31,8756,0.625,0.4375,0.9248042404529574,0.8275862068965517,214.89227467811156
32,3232,0.3625,0.3125,0.8084809059149499,1.0,139.31187569367367
33,5241,0.625,0.3125,0.8084809059149499,1.0,130.73251942286345
34,4244,0.6125,0.3125,0.8084809059149499,1.0,129.55604883462817
35,4229,0.375,0.3125,0.8084809059149499,1.0,126.14872364039952
36,3217,0.125,0.3125,0.8084809059149499,0.13793103448275862,123.99999999999997
37,3217,0.125,0.3125,0.8084809059149499,0.27586206896551724,121.99999999999997
38,3232,0.3625,0.3125,0.8084809059149499,0.6206896551724137,119.69999999999997
39,5256,0.8625,0.3125,0.8084809059149499,0.13793103448275862,117.99999999999997
40,3217,0.125,0.3125,0.8084809059149499,0.0,117.99999999999997
41,5256,0.8625,0.3125,0.8084809059149499,0.27586206896551724,116.99999999999999
42,5256,0.8625,0.3125,0.8084809059149499,0.6206896551724137,116.19999999999997
43,4244,0.6125,0.3125,0.8084809059149499,0.6206896551724137,114.69999999999997
44,3232,0.3625,0.3125,0.8084809059149499,0.3448275862068966,114.49999999999999
45,5241,0.625,0.3125,0.8084809059149499,0.27586206896551724,113.99999999999999
46,4229,0.375,0.3125,0.8084809059149499,0.27586206896551724,113.99999999999999
47,3232,0.3625,0.3125,0.8084809059149499,0.27586206896551724,112.99999999999999
48,5256,0.8625,0.3125,0.8084809059149499,0.0,111.99999999999999
49,4244,0.6125,0.3125,0.8084809059149499,0.27586206896551724,111.99999999999999
50,5241,0.625,0.3125,0.8084809059149499,0.6206896551724137,111.79999999999998
51,4229,0.375,0.3125,0.8084809059149499,0.13793103448275862,110.99999999999999
52,5256,0.8625,0.3125,0.8084809059149499,0.3448275862068966,110.89999999999998
53,4229,0.375,0.3125,0.8084809059149499,0.6206896551724137,110.29999999999998
54,5241,0.625,0.3125,0.8084809059149499,0.0,109.99999999999999
55,4244,0.6125,0.3125,0.8084809059149499,0.3448275862068966,109.59999999999998
56,3232,0.3625,0.3125,0.8084809059149499,0.0,108.99999999999999
57,4229,0.375,0.3125,0.8084809059149499,0.0,108.99999999999999
58,5241,0.625,0.3125,0.8084809059149499,0.13793103448275862,107.99999999999999
59,3232,0.3625,0.3125,0.8084809059149499,0.13793103448275862,107.99999999999999
60,4244,0.6125,0.3125,0.8084809059149499,0.0,107.99999999999999
61,4244,0.6125,0.3125,0.8084809059149499,0.13793103448275862,106.99999999999999
62,5241,0.625,0.3125,0.8084809059149499,0.3448275862068966,106.69999999999997
63,5256,0.8625,0.3125,0.8084809059149499,1.0,106.43729189789121
64,5256,0.8625,0.3125,0.8084809059149499,0.48275862068965514,105.36363636363635
65,4229,0.375,0.3125,0.8084809059149499,0.3448275862068966,105.29999999999998
66,6253,0.875,0.3125,0.8084809059149499,1.0,104.66148723640397
67,3232,0.3625,0.3125,0.8084809059149499,0.48275862068965514,103.8181818181818
68,4244,0.6125,0.3125,0.8084809059149499,0.48275862068965514,100.63636363636363
69,2220,0.1125,0.3125,0.8084809059149499,0.13793103448275862,99.99999999999999
70,3232,0.3625,0.3125,0.8084809059149499,0.9655172413793103,99.68333333333332
71,2220,0.1125,0.3125,0.8084809059149499,0.27586206896551724,97.99999999999999
72,5241,0.625,0.3125,0.8084809059149499,0.48275862068965514,97.54545454545453
73,3232,0.3625,0.3125,0.8084809059149499,0.6896551724137931,97.49166666666665
74,4229,0.375,0.3125,0.8084809059149499,0.48275862068965514,96.7272727272727
75,3217,0.125,0.3125,0.8084809059149499,0.6206896551724137,95.89999999999998
76,6253,0.875,0.3125,0.8084809059149499,0.6206896551724137,95.29999999999998
77,2220,0.1125,0.3125,0.8084809059149499,0.0,94.99999999999999
78,6253,0.875,0.3125,0.8084809059149499,0.13793103448275862,93.99999999999999
79,6253,0.875,0.3125,0.8084809059149499,0.27586206896551724,93.99999999999999
80,5256,0.8625,0.3125,0.8084809059149499,0.9655172413793103,92.27499999999999
81,6253,0.875,0.3125,0.8084809059149499,0.3448275862068966,91.79999999999998
82,2220,0.1125,0.3125,0.8084809059149499,1.0,91.67591564927856
83,3217,0.125,0.3125,0.8084809059149499,0.3448275862068966,90.69999999999999
84,5256,0.8625,0.3125,0.8084809059149499,0.6896551724137931,90.40833333333332
85,5241,0.625,0.3125,0.8084809059149499,0.9655172413793103,90.25833333333333
86,6253,0.875,0.3125,0.8084809059149499,0.0,89.99999999999999
87,3217,0.125,0.3125,0.8084809059149499,0.48275862068965514,88.09090909090908
88,5241,0.625,0.3125,0.8084809059149499,0.6896551724137931,87.98333333333332
89,6253,0.875,0.3125,0.8084809059149499,0.48275862068965514,85.45454545454544
90,2220,0.1125,0.3125,0.8084809059149499,0.6206896551724137,83.29999999999998
91,3217,0.125,0.3125,0.8084809059149499,1.0,81.28745837957823
92,5256,0.8625,0.3125,0.8084809059149499,0.8275862068965517,80.82975679542201
93,3233,0.3625,0.3125,0.7872545476448619,1.0,79.9778024417314
94,2220,0.1125,0.3125,0.8084809059149499,0.3448275862068966,79.59999999999998
95,5351,0.8625,0.2408875,0.9729671123960967,0.6206896551724137,78.99999999999999
96,4244,0.6125,0.3125,0.8084809059149499,0.9655172413793103,78.75833333333333
97,6253,0.875,0.3125,0.8084809059149499,0.9655172413793103,78.73333333333332
98,3104,0.125,0.262071875,0.9472834598241175,0.48275862068965514,78.27272727272727
99,5351,0.8625,0.2408875,0.9729671123960967,0.3448275862068966,78.09999999999998
100,4245,0.6125,0.3125,0.7872545476448619,1.0,78.06881243063262
101,5351,0.8625,0.2408875,0.9729671123960967,0.48275862068965514,77.72727272727272
102,6253,0.875,0.3125,0.8084809059149499,0.6896551724137931,77.16666666666666
103,3217,0.125,0.3125,0.8084809059149499,0.9655172413793103,76.06666666666665
104,4229,0.375,0.3125,0.8084809059149499,0.9655172413793103,75.64999999999999
105,4244,0.6125,0.3125,0.8084809059149499,0.6896551724137931,75.6
106,4228,0.375,0.3125,0.7872545476448619,1.0,75.46059933407324
107,3107,0.125,0.2408875,0.9729671123960967,0.48275862068965514,75.27272727272727
108,2220,0.1125,0.3125,0.8084809059149499,0.48275862068965514,74.99999999999999
109,3216,0.125,0.3125,0.7872545476448619,0.13793103448275862,74.99999999999999
110,4584,0.6125,0.309375,0.7682568365257197,1.0,74.83906770255271
111,5240,0.625,0.3125,0.7872545476448619,1.0,74.68368479467257
112,16033,0.842625,0.319459375,0.8246837730393927,1.0,74.58379578246391
113,3572,0.3625,0.309375,0.7682568365257197,1.0,74.50610432852385
114,3217,0.125,0.3125,0.8084809059149499,0.6896551724137931,74.06666666666665
115,3094,0.125,0.325859375,0.8049271172147935,0.13793103448275862,73.99999999999999
116,3889,0.375,0.309375,0.7682568365257197,1.0,73.89567147613761
117,2778,0.125,0.10855624999999999,0.9325864353692326,0.48275862068965514,73.74545454545454
118,5302,0.8625,0.26331875,0.9325864353692326,0.6206896551724137,73.19999999999999
119,5302,0.8625,0.26331875,0.9325864353692326,0.3448275862068966,72.89999999999999
120,4229,0.375,0.3125,0.8084809059149499,0.6896551724137931,72.69166666666665
121,3216,0.125,0.3125,0.7872545476448619,0.27586206896551724,71.99999999999999
122,4901,0.625,0.309375,0.7682568365257197,1.0,71.8201997780244
123,3314,0.3625,0.325859375,0.8049271172147935,1.0,71.69811320754715
124,2778,0.125,0.10855624999999999,0.9325864353692326,0.3448275862068966,71.59999999999998
125,3094,0.125,0.325859375,0.8049271172147935,0.27586206896551724,70.99999999999999
126,2877,0.125,0.309375,0.7682568365257197,0.13793103448275862,70.99999999999999
127,3233,0.3625,0.3125,0.7872545476448619,0.6206896551724137,70.89999999999999
128,4326,0.6125,0.325859375,0.8049271172147935,1.0,70.69922308546059
129,2727,0.125,0.17785625,0.9873750150584266,0.48275862068965514,70.57272727272726
130,3171,0.125,0.26331875,0.9325864353692326,0.48275862068965514,70.36363636363635
131,5118,0.625,0.325859375,0.8049271172147935,1.0,70.25527192008877
132,5257,0.8625,0.3125,0.7872545476448619,0.13793103448275862,69.99999999999999
133,3216,0.125,0.3125,0.7872545476448619,0.0,69.99999999999999
134,2531,0.1125,0.3125,0.6508384531984098,0.13793103448275862,69.99999999999999
135,2532,0.1125,0.3125,0.62643055053608,0.13793103448275862,69.99999999999999
136,5944,0.875,0.3125,0.62643055053608,0.13793103448275862,69.99999999999999
137,3543,0.3625,0.3125,0.6508384531984098,0.13793103448275862,69.99999999999999
138,1738,0.8125,0.828125,0.6023370678231538,0.13793103448275862,69.99849999999999
139,3917,0.375,0.3125,0.6508384531984098,1.0,69.53385127635958
140,5257,0.8625,0.3125,0.7872545476448619,0.6206896551724137,69.39999999999999
141,4106,0.375,0.325859375,0.8049271172147935,1.0,69.14539400665926
142,5257,0.8625,0.3125,0.7872545476448619,0.27586206896551724,68.99999999999999
143,2532,0.1125,0.3125,0.62643055053608,0.27586206896551724,68.99999999999999
144,4555,0.6125,0.3125,0.6508384531984098,1.0,68.95671476137623
145,3543,0.3625,0.3125,0.6508384531984098,1.0,68.83462819089898
146,4245,0.6125,0.3125,0.7872545476448619,0.6206896551724137,68.79999999999998
147,5338,0.8625,0.325859375,0.8049271172147935,0.6206896551724137,68.69999999999999
148,2220,0.1125,0.3125,0.8084809059149499,0.9655172413793103,68.58333333333333
149,2532,0.1125,0.3125,0.62643055053608,1.0,68.01331853496114
150,3094,0.125,0.325859375,0.8049271172147935,0.0,67.99999999999999
151,5338,0.8625,0.325859375,0.8049271172147935,0.13793103448275862,67.99999999999999
152,2877,0.125,0.309375,0.7682568365257197,0.27586206896551724,67.99999999999999
153,3314,0.3625,0.325859375,0.8049271172147935,0.6206896551724137,67.99999999999999
154,5944,0.875,0.3125,0.62643055053608,0.0,67.99999999999999
155,3233,0.3625,0.3125,0.7872545476448619,0.3448275862068966,67.79999999999998
156,4326,0.6125,0.325859375,0.8049271172147935,0.6206896551724137,67.79999999999998
157,4929,0.625,0.3125,0.6508384531984098,1.0,67.38068812430632
158,2220,0.1125,0.3125,0.8084809059149499,0.6896551724137931,66.99999999999999
159,5240,0.625,0.3125,0.7872545476448619,0.6206896551724137,66.99999999999999
160,2532,0.1125,0.3125,0.62643055053608,0.0,66.99999999999999
161,2531,0.1125,0.3125,0.6508384531984098,0.27586206896551724,66.99999999999999
162,5338,0.8625,0.325859375,0.8049271172147935,0.27586206896551724,66.99999999999999
163,5596,0.8625,0.309375,0.7682568365257197,0.13793103448275862,66.99999999999999
164,5944,0.875,0.3125,0.62643055053608,0.27586206896551724,66.99999999999999
165,3217,0.125,0.3125,0.8084809059149499,0.8275862068965517,66.98855507868383
166,4228,0.375,0.3125,0.7872545476448619,0.6206896551724137,66.89999999999999
167,5118,0.625,0.325859375,0.8049271172147935,0.6206896551724137,66.79999999999998
168,5338,0.8625,0.325859375,0.8049271172147935,0.3448275862068966,66.6
169,5257,0.8625,0.3125,0.7872545476448619,0.3448275862068966,66.29999999999998
170,6130,0.875,0.325859375,0.8049271172147935,1.0,66.14872364039954
171,4929,0.625,0.3125,0.6508384531984098,0.0,65.99999999999999
172,5257,0.8625,0.3125,0.7872545476448619,0.0,65.99999999999999
173,2531,0.1125,0.3125,0.6508384531984098,0.0,65.99999999999999
174,2532,0.1125,0.3125,0.62643055053608,0.3448275862068966,65.99999999999999
175,4228,0.375,0.3125,0.7872545476448619,0.27586206896551724,65.99999999999999
176,2877,0.125,0.309375,0.7682568365257197,0.0,65.99999999999999
177,5596,0.8625,0.309375,0.7682568365257197,0.27586206896551724,65.99999999999999
178,5240,0.625,0.3125,0.7872545476448619,0.27586206896551724,65.79999999999998
179,4245,0.6125,0.3125,0.7872545476448619,0.3448275862068966,65.79999999999998
180,5596,0.8625,0.309375,0.7682568365257197,1.0,65.74916759156491
181,4245,0.6125,0.3125,0.7872545476448619,0.27586206896551724,65.39999999999999
182,23114,0.125,0.16503125000000002,0.9961450427659317,1.0,65.37180910099887
183,6253,0.875,0.3125,0.8084809059149499,0.8275862068965517,65.36480686695278
184,4326,0.6125,0.325859375,0.8049271172147935,0.3448275862068966,65.29999999999998
185,4106,0.375,0.325859375,0.8049271172147935,0.6206896551724137,65.1
186,3543,0.3625,0.3125,0.6508384531984098,0.0,64.99999999999999
187,3544,0.3625,0.3125,0.62643055053608,0.3448275862068966,64.99999999999999
188,4932,0.625,0.3125,0.62643055053608,0.0,64.99999999999999
189,4584,0.6125,0.309375,0.7682568365257197,0.27586206896551724,64.99999999999999
190,4555,0.6125,0.3125,0.6508384531984098,0.27586206896551724,64.99999999999999
191,4555,0.6125,0.3125,0.6508384531984098,0.0,64.99999999999999
192,3233,0.3625,0.3125,0.7872545476448619,0.27586206896551724,64.99999999999999
193,5338,0.8625,0.325859375,0.8049271172147935,0.0,64.99999999999999
194,4228,0.375,0.3125,0.7872545476448619,0.13793103448275862,64.99999999999999
195,2868,0.125,0.302878125,0.8251897361763642,0.13793103448275862,64.99999999999999
196,3314,0.3625,0.325859375,0.8049271172147935,0.3448275862068966,64.99999999999999
197,3917,0.375,0.3125,0.6508384531984098,0.0,64.99999999999999
198,3917,0.375,0.3125,0.6508384531984098,0.27586206896551724,64.99999999999999
199,3889,0.375,0.309375,0.7682568365257197,0.27586206896551724,64.99999999999999
200,5941,0.875,0.3125,0.6508384531984098,0.0,64.99999999999999
201,5941,0.875,0.3125,0.6508384531984098,0.27586206896551724,64.99999999999999
202,3543,0.3625,0.3125,0.6508384531984098,0.27586206896551724,64.99999999999999
203,2868,0.125,0.302878125,0.8251897361763642,0.27586206896551724,64.79999999999998
204,5944,0.875,0.3125,0.62643055053608,1.0,64.77247502774694
205,2778,0.125,0.10855624999999999,0.9325864353692326,0.6206896551724137,64.47999999999999
206,3104,0.125,0.262071875,0.9472834598241175,0.6206896551724137,64.35
207,5118,0.625,0.325859375,0.8049271172147935,0.3448275862068966,64.29999999999998
208,5240,0.625,0.3125,0.7872545476448619,0.3448275862068966,64.1
209,3544,0.3625,0.3125,0.62643055053608,0.0,63.999999999999986
210,3544,0.3625,0.3125,0.62643055053608,0.27586206896551724,63.999999999999986
211,4932,0.625,0.3125,0.62643055053608,0.27586206896551724,63.999999999999986
212,4929,0.625,0.3125,0.6508384531984098,0.27586206896551724,63.999999999999986
213,4901,0.625,0.309375,0.7682568365257197,0.27586206896551724,63.999999999999986
214,4556,0.6125,0.3125,0.62643055053608,0.0,63.999999999999986
215,4556,0.6125,0.3125,0.62643055053608,0.27586206896551724,63.999999999999986
216,2532,0.1125,0.3125,0.62643055053608,0.6206896551724137,63.999999999999986
217,2910,0.125,0.309375,0.7059462715335502,0.13793103448275862,63.999999999999986
218,2302,0.1125,0.325859375,0.8049271172147935,0.13793103448275862,63.999999999999986
219,2302,0.1125,0.325859375,0.8049271172147935,0.27586206896551724,63.999999999999986
220,5596,0.8625,0.309375,0.7682568365257197,0.0,63.999999999999986
221,3889,0.375,0.309375,0.7682568365257197,0.13793103448275862,63.999999999999986
222,3543,0.3625,0.3125,0.6508384531984098,0.3448275862068966,63.999999999999986
223,4228,0.375,0.3125,0.7872545476448619,0.3448275862068966,63.89999999999999
224,6130,0.875,0.325859375,0.8049271172147935,0.6206896551724137,63.499999999999986
225,5338,0.8625,0.325859375,0.8049271172147935,0.48275862068965514,63.36363636363635
226,16034,0.822875,0.32075624999999997,0.8208047223226117,1.0,63.26304106548278
227,15868,0.144875,0.319459375,0.8246837730393927,1.0,63.26304106548278
228,4228,0.375,0.3125,0.7872545476448619,0.0,63.19999999999999
229,4245,0.6125,0.3125,0.7872545476448619,0.0,63.09999999999999
230,2727,0.125,0.17785625,0.9873750150584266,0.3448275862068966,63.09999999999999
231,4932,0.625,0.3125,0.62643055053608,0.3448275862068966,62.999999999999986
232,4929,0.625,0.3125,0.6508384531984098,0.3448275862068966,62.999999999999986
233,4584,0.6125,0.309375,0.7682568365257197,0.0,62.999999999999986
234,4555,0.6125,0.3125,0.6508384531984098,0.3448275862068966,62.999999999999986
235,4556,0.6125,0.3125,0.62643055053608,0.3448275862068966,62.999999999999986
236,3920,0.375,0.3125,0.62643055053608,0.0,62.999999999999986
237,3917,0.375,0.3125,0.6508384531984098,0.3448275862068966,62.999999999999986
238,3889,0.375,0.309375,0.7682568365257197,0.0,62.999999999999986
239,3572,0.3625,0.309375,0.7682568365257197,0.27586206896551724,62.999999999999986
240,5240,0.625,0.3125,0.7872545476448619,0.0,62.89999999999999
241,3233,0.3625,0.3125,0.7872545476448619,0.0,62.89999999999999
242,4106,0.375,0.325859375,0.8049271172147935,0.3448275862068966,62.89999999999999
243,5257,0.8625,0.3125,0.7872545476448619,0.48275862068965514,62.72727272727272
244,3233,0.3625,0.3125,0.7872545476448619,0.48275862068965514,62.72727272727272
245,2531,0.1125,0.3125,0.6508384531984098,1.0,62.68590455049943
246,5348,0.8625,0.262071875,0.9472834598241175,0.6206896551724137,62.66999999999999
247,5348,0.8625,0.262071875,0.9472834598241175,0.3448275862068966,62.57999999999999
248,3314,0.3625,0.325859375,0.8049271172147935,0.48275862068965514,62.54545454545453
249,3104,0.125,0.262071875,0.9472834598241175,0.3448275862068966,62.389999999999986
250,5604,0.8625,0.302878125,0.8251897361763642,0.6206896551724137,62.27999999999999
251,19998,0.8625,0.25570312500000003,0.9432478014697024,0.6206896551724137,62.09999999999999
252,5302,0.8625,0.26331875,0.9325864353692326,0.48275862068965514,62.09090909090908
253,3543,0.3625,0.3125,0.6508384531984098,0.6206896551724137,61.999999999999986
254,5118,0.625,0.325859375,0.8049271172147935,0.27586206896551724,61.999999999999986
255,5240,0.625,0.3125,0.7872545476448619,0.13793103448275862,61.999999999999986
256,4584,0.6125,0.309375,0.7682568365257197,0.13793103448275862,61.999999999999986
257,3233,0.3625,0.3125,0.7872545476448619,0.13793103448275862,61.999999999999986
258,2531,0.1125,0.3125,0.6508384531984098,0.3448275862068966,61.999999999999986
259,2910,0.125,0.309375,0.7059462715335502,0.27586206896551724,61.999999999999986
260,4245,0.6125,0.3125,0.7872545476448619,0.13793103448275862,61.999999999999986
261,5562,0.8625,0.309375,0.7059462715335502,0.13793103448275862,61.999999999999986
262,3314,0.3625,0.325859375,0.8049271172147935,0.27586206896551724,61.999999999999986
263,3920,0.375,0.3125,0.62643055053608,0.27586206896551724,61.999999999999986
264,3920,0.375,0.3125,0.62643055053608,0.3448275862068966,61.999999999999986
265,5604,0.8625,0.302878125,0.8251897361763642,0.13793103448275862,61.999999999999986
266,3544,0.3625,0.3125,0.62643055053608,0.6206896551724137,61.999999999999986
267,19998,0.8625,0.25570312500000003,0.9432478014697024,0.3448275862068966,61.89999999999999
268,2868,0.125,0.302878125,0.8251897361763642,0.0,61.89999999999999
269,2877,0.125,0.309375,0.7682568365257197,1.0,61.78690344062152
270,4326,0.6125,0.325859375,0.8049271172147935,0.48275862068965514,60.99999999999999
271,5118,0.625,0.325859375,0.8049271172147935,0.0,60.999999999999986
272,4932,0.625,0.3125,0.62643055053608,0.6206896551724137,60.999999999999986
273,4929,0.625,0.3125,0.6508384531984098,0.6206896551724137,60.999999999999986
274,4901,0.625,0.309375,0.7682568365257197,0.0,60.999999999999986
275,4901,0.625,0.309375,0.7682568365257197,0.13793103448275862,60.999999999999986
276,4555,0.6125,0.3125,0.6508384531984098,0.6206896551724137,60.999999999999986
277,4550,0.6125,0.309375,0.7059462715335502,0.27586206896551724,60.999999999999986
278,4326,0.6125,0.325859375,0.8049271172147935,0.27586206896551724,60.999999999999986
279,2302,0.1125,0.325859375,0.8049271172147935,0.0,60.999999999999986
280,5562,0.8625,0.309375,0.7059462715335502,0.27586206896551724,60.999999999999986
281,4106,0.375,0.325859375,0.8049271172147935,0.27586206896551724,60.999999999999986
282,3314,0.3625,0.325859375,0.8049271172147935,0.0,60.999999999999986
283,3917,0.375,0.3125,0.6508384531984098,0.6206896551724137,60.999999999999986
284,3572,0.3625,0.309375,0.7682568365257197,0.0,60.999999999999986
285,3572,0.3625,0.309375,0.7682568365257197,0.13793103448275862,60.999999999999986
286,4245,0.6125,0.3125,0.7872545476448619,0.48275862068965514,60.9090909090909
287,6130,0.875,0.325859375,0.8049271172147935,0.3448275862068966,60.89999999999999
288,3580,0.3625,0.302878125,0.8251897361763642,1.0,60.85460599334072
289,16044,0.8387125000000001,0.322884375,0.8143115287314782,1.0,60.82130965593783
290,2778,0.125,0.10855624999999999,0.9325864353692326,1.0,60.6659267480577
291,4550,0.6125,0.309375,0.7059462715335502,1.0,60.654827968923406
292,3170,0.125,0.256696875,0.9419226599204914,0.48275862068965514,60.454545454545446
293,3327,0.3625,0.2408875,0.9729671123960967,0.48275862068965514,60.454545454545446
294,5941,0.875,0.3125,0.6508384531984098,1.0,60.421753607103206
295,5604,0.8625,0.302878125,0.8251897361763642,0.27586206896551724,60.39999999999999
296,5289,0.8625,0.2384375,0.9629442235875195,0.48275862068965514,60.18181818181817
297,2905,0.125,0.3125,0.6508384531984098,1.0,60.17758046614871
298,4554,0.6125,0.3125,0.6752463558607397,1.0,60.155382907880124
299,5348,0.8625,0.262071875,0.9472834598241175,0.48275862068965514,60.04545454545453
300,5240,0.625,0.3125,0.7872545476448619,0.48275862068965514,59.99999999999999
301,2532,0.1125,0.3125,0.62643055053608,0.48275862068965514,59.99999999999999
302,4228,0.375,0.3125,0.7872545476448619,0.48275862068965514,59.99999999999999
303,3544,0.3625,0.3125,0.62643055053608,0.13793103448275862,59.999999999999986
304,4932,0.625,0.3125,0.62643055053608,0.13793103448275862,59.999999999999986
305,4929,0.625,0.3125,0.6508384531984098,0.13793103448275862,59.999999999999986
306,4556,0.6125,0.3125,0.62643055053608,0.13793103448275862,59.999999999999986
307,4556,0.6125,0.3125,0.62643055053608,0.6206896551724137,59.999999999999986
308,4555,0.6125,0.3125,0.6508384531984098,0.13793103448275862,59.999999999999986
309,4550,0.6125,0.309375,0.7059462715335502,0.0,59.999999999999986
310,2910,0.125,0.309375,0.7059462715335502,0.0,59.999999999999986
311,2908,0.125,0.3125,0.62643055053608,0.13793103448275862,59.999999999999986
312,2905,0.125,0.3125,0.6508384531984098,0.13793103448275862,59.999999999999986
313,5562,0.8625,0.309375,0.7059462715335502,0.0,59.999999999999986
314,6130,0.875,0.325859375,0.8049271172147935,0.13793103448275862,59.999999999999986
315,3920,0.375,0.3125,0.62643055053608,0.13793103448275862,59.999999999999986
316,3920,0.375,0.3125,0.62643055053608,0.6206896551724137,59.999999999999986
317,3917,0.375,0.3125,0.6508384531984098,0.13793103448275862,59.999999999999986
318,5941,0.875,0.3125,0.6508384531984098,0.13793103448275862,59.999999999999986
319,4592,0.6125,0.302878125,0.8251897361763642,1.0,59.67813540510543
320,5131,0.625,0.2408875,0.9729671123960967,0.6206896551724137,59.499999999999986
321,16033,0.842625,0.319459375,0.8246837730393927,0.6206896551724137,59.499999999999986
322,3918,0.375,0.3125,0.6752463558607397,1.0,59.48945615982241
323,5131,0.625,0.2408875,0.9729671123960967,0.3448275862068966,58.999999999999986
324,2531,0.1125,0.3125,0.6508384531984098,0.6206896551724137,58.999999999999986
325,4550,0.6125,0.309375,0.7059462715335502,0.13793103448275862,58.999999999999986
326,4326,0.6125,0.325859375,0.8049271172147935,0.0,58.999999999999986
327,2905,0.125,0.3125,0.6508384531984098,0.0,58.999999999999986
328,2905,0.125,0.3125,0.6508384531984098,0.27586206896551724,58.999999999999986
329,4106,0.375,0.325859375,0.8049271172147935,0.0,58.999999999999986
330,6130,0.875,0.325859375,0.8049271172147935,0.27586206896551724,58.999999999999986
331,3922,0.375,0.309375,0.7059462715335502,0.0,58.999999999999986
332,3922,0.375,0.309375,0.7059462715335502,0.27586206896551724,58.999999999999986
333,16019,0.8625,0.321328125,0.8190820383086375,1.0,58.934517203107646
334,16033,0.842625,0.319459375,0.8246837730393927,0.3448275862068966,58.89999999999999
335,5118,0.625,0.325859375,0.8049271172147935,0.48275862068965514,58.818181818181806
336,3233,0.3625,0.3125,0.7872545476448619,0.9655172413793103,58.816666666666656
337,5604,0.8625,0.302878125,0.8251897361763642,0.3448275862068966,58.27999999999999
338,3542,0.3625,0.3125,0.6752463558607397,1.0,58.091009988901206
339,5118,0.625,0.325859375,0.8049271172147935,0.13793103448275862,57.99999999999999
340,2908,0.125,0.3125,0.62643055053608,0.0,57.99999999999999
341,4106,0.375,0.325859375,0.8049271172147935,0.13793103448275862,57.99999999999999
342,5567,0.8625,0.3125,0.6508384531984098,0.0,57.99999999999999
343,5567,0.8625,0.3125,0.6508384531984098,0.27586206896551724,57.99999999999999
344,6130,0.875,0.325859375,0.8049271172147935,0.0,57.99999999999999
345,3922,0.375,0.309375,0.7059462715335502,0.13793103448275862,57.99999999999999
346,3922,0.375,0.309375,0.7059462715335502,0.3448275862068966,57.99999999999999
347,3538,0.3625,0.309375,0.7059462715335502,0.0,57.99999999999999
348,5944,0.875,0.3125,0.62643055053608,0.3448275862068966,57.99999999999999
349,5604,0.8625,0.302878125,0.8251897361763642,0.0,57.89999999999999
350,6252,0.875,0.3125,0.7872545476448619,1.0,57.79134295227524
351,5301,0.8625,0.256696875,0.9419226599204914,0.6206896551724137,57.69999999999999
352,21310,0.8625,0.24623750000000003,0.9673292374412721,0.6206896551724137,57.69999999999999
353,3186,0.125,0.2384375,0.9629442235875195,0.48275862068965514,57.55454545454545
354,3233,0.3625,0.3125,0.7872545476448619,0.6896551724137931,57.51666666666666
355,4245,0.6125,0.3125,0.7872545476448619,0.9655172413793103,57.49166666666666
356,17422,0.8625,0.31186250000000004,0.8462594868088182,1.0,57.38068812430632
357,3544,0.3625,0.3125,0.62643055053608,0.48275862068965514,57.272727272727266
358,4106,0.375,0.325859375,0.8049271172147935,0.48275862068965514,57.272727272727266
359,5604,0.8625,0.302878125,0.8251897361763642,1.0,57.169811320754704
360,4930,0.625,0.3125,0.6752463558607397,1.0,57.14761376248612
361,3572,0.3625,0.309375,0.7682568365257197,0.6206896551724137,57.09999999999999
362,3544,0.3625,0.3125,0.62643055053608,0.6896551724137931,57.08333333333332
363,4934,0.625,0.309375,0.7059462715335502,0.27586206896551724,56.99999999999999
364,4550,0.6125,0.309375,0.7059462715335502,0.3448275862068966,56.99999999999999
365,4550,0.6125,0.309375,0.7059462715335502,0.6206896551724137,56.99999999999999
366,3314,0.3625,0.325859375,0.8049271172147935,0.13793103448275862,56.99999999999999
367,3889,0.375,0.309375,0.7682568365257197,0.6206896551724137,56.99999999999999
368,3580,0.3625,0.302878125,0.8251897361763642,0.6206896551724137,56.99999999999999
369,3538,0.3625,0.309375,0.7059462715335502,0.13793103448275862,56.99999999999999
370,3538,0.3625,0.309375,0.7059462715335502,0.27586206896551724,56.99999999999999
371,5567,0.8625,0.3125,0.6508384531984098,1.0,56.90344062153162
372,21310,0.8625,0.24623750000000003,0.9673292374412721,0.3448275862068966,56.89999999999999
373,4592,0.6125,0.302878125,0.8251897361763642,0.6206896551724137,56.79999999999999
374,3216,0.125,0.3125,0.7872545476448619,0.6206896551724137,56.79999999999999
375,4584,0.6125,0.309375,0.7682568365257197,0.6206896551724137,56.69999999999999
376,19992,0.625,0.25565625000000003,0.9433080351764848,0.6206896551724137,56.69999999999999
377,2532,0.1125,0.3125,0.62643055053608,0.6896551724137931,56.66666666666666
378,4901,0.625,0.309375,0.7682568365257197,0.6206896551724137,56.59999999999999
379,3572,0.3625,0.309375,0.7682568365257197,0.3448275862068966,56.59999999999999
380,5131,0.625,0.2408875,0.9729671123960967,0.48275862068965514,56.54545454545454
381,3889,0.375,0.309375,0.7682568365257197,0.3448275862068966,56.49999999999999
382,6130,0.875,0.325859375,0.8049271172147935,0.48275862068965514,56.454545454545446
383,3880,0.375,0.302878125,0.8251897361763642,1.0,56.40399556048833
384,16034,0.822875,0.32075624999999997,0.8208047223226117,0.6206896551724137,56.39999999999999
385,5301,0.8625,0.256696875,0.9419226599204914,0.3448275862068966,56.39999999999999
386,4555,0.6125,0.3125,0.6508384531984098,0.48275862068965514,56.36363636363635
387,2531,0.1125,0.3125,0.6508384531984098,0.48275862068965514,56.36363636363635
388,3917,0.375,0.3125,0.6508384531984098,0.48275862068965514,56.36363636363635
389,3543,0.3625,0.3125,0.6508384531984098,0.48275862068965514,56.36363636363635
390,4932,0.625,0.3125,0.62643055053608,0.6896551724137931,56.33333333333332
391,17421,0.8625,0.31498750000000003,0.8376219732562342,1.0,56.27081021087679
392,2220,0.1125,0.3125,0.8084809059149499,0.8275862068965517,56.22317596566523
393,4584,0.6125,0.309375,0.7682568365257197,0.3448275862068966,56.19999999999999
394,16033,0.842625,0.319459375,0.8246837730393927,0.9655172413793103,56.16666666666666
395,4245,0.6125,0.3125,0.7872545476448619,0.6896551724137931,56.12499999999999
396,3543,0.3625,0.3125,0.6508384531984098,0.6896551724137931,56.08333333333332
397,19853,0.12499999999999992,0.25565625000000003,0.9433080351764848,0.48275862068965514,55.99999999999999
398,4934,0.625,0.309375,0.7059462715335502,0.0,55.99999999999999
399,4326,0.6125,0.325859375,0.8049271172147935,0.13793103448275862,55.99999999999999
400,2908,0.125,0.3125,0.62643055053608,0.27586206896551724,55.99999999999999
401,5568,0.8625,0.3125,0.62643055053608,0.0,55.99999999999999
402,3922,0.375,0.309375,0.7059462715335502,0.6206896551724137,55.99999999999999
403,5941,0.875,0.3125,0.6508384531984098,0.3448275862068966,55.99999999999999
404,5944,0.875,0.3125,0.62643055053608,0.6206896551724137,55.99999999999999
405,15867,0.16463125,0.32075624999999997,0.8208047223226117,1.0,55.93784683684794
406,3920,0.375,0.3125,0.62643055053608,0.6896551724137931,55.91666666666666
407,3107,0.125,0.2408875,0.9729671123960967,0.6206896551724137,55.89999999999999
408,4901,0.625,0.309375,0.7682568365257197,0.3448275862068966,55.89999999999999
409,4555,0.6125,0.3125,0.6508384531984098,0.6896551724137931,55.83333333333332
410,4556,0.6125,0.3125,0.62643055053608,0.6896551724137931,55.83333333333332
411,16044,0.8387125000000001,0.322884375,0.8143115287314782,0.6206896551724137,55.79999999999999
412,19992,0.625,0.25565625000000003,0.9433080351764848,0.3448275862068966,55.79999999999999
413,3917,0.375,0.3125,0.6508384531984098,0.6896551724137931,55.74999999999999
414,16033,0.842625,0.319459375,0.8246837730393927,0.6896551724137931,55.66666666666666
415,16034,0.822875,0.32075624999999997,0.8208047223226117,0.3448275862068966,55.49999999999999
416,4932,0.625,0.3125,0.62643055053608,0.48275862068965514,55.454545454545446
417,4929,0.625,0.3125,0.6508384531984098,0.48275862068965514,55.454545454545446
418,4556,0.6125,0.3125,0.62643055053608,0.48275862068965514,55.454545454545446
419,3920,0.375,0.3125,0.62643055053608,0.48275862068965514,55.454545454545446
420,21163,0.3625,0.24623750000000003,0.9673292374412721,0.48275862068965514,55.454545454545446
421,4929,0.625,0.3125,0.6508384531984098,0.6896551724137931,55.41666666666666
422,3094,0.125,0.325859375,0.8049271172147935,0.6206896551724137,55.39999999999999
423,4892,0.625,0.302878125,0.8251897361763642,1.0,55.29411764705881
424,21310,0.8625,0.24623750000000003,0.9673292374412721,0.48275862068965514,55.272727272727266
425,3265,0.3625,0.2384375,0.9629442235875195,0.48275862068965514,55.272727272727266
426,15849,0.12499999999999992,0.32128125,0.8192145524635586,1.0,55.271920088790225
427,4228,0.375,0.3125,0.7872545476448619,0.9655172413793103,55.224999999999994
428,21314,0.625,0.24623750000000003,0.9673292374412721,0.6206896551724137,55.09999999999999
429,5604,0.8625,0.302878125,0.8251897361763642,0.48275862068965514,55.09090909090908
430,4934,0.625,0.309375,0.7059462715335502,0.13793103448275862,54.99999999999999
431,2908,0.125,0.3125,0.62643055053608,0.3448275862068966,54.99999999999999
432,2905,0.125,0.3125,0.6508384531984098,0.3448275862068966,54.99999999999999
433,5568,0.8625,0.3125,0.62643055053608,0.27586206896551724,54.99999999999999
434,15846,0.3625,0.321328125,0.8190820383086375,0.27586206896551724,54.99999999999999
435,5941,0.875,0.3125,0.6508384531984098,0.6206896551724137,54.99999999999999
436,3538,0.3625,0.309375,0.7059462715335502,0.3448275862068966,54.99999999999999
437,21314,0.625,0.24623750000000003,0.9673292374412721,0.3448275862068966,54.89999999999999
438,5240,0.625,0.3125,0.7872545476448619,0.9655172413793103,54.89166666666666
439,3305,0.3625,0.3125,0.8297072641850378,1.0,54.87236403995559
440,5913,0.875,0.309375,0.7682568365257197,1.0,54.583795782463916
441,15875,0.14884375,0.32284375,0.8144319961450427,1.0,54.49500554938955
442,2908,0.125,0.3125,0.62643055053608,1.0,54.46170921198667
443,3572,0.3625,0.309375,0.7682568365257197,0.9655172413793103,54.36666666666666
444,3125,0.125,0.109803125,0.9472834598241175,0.48275862068965514,54.36363636363635
445,3171,0.125,0.26331875,0.9325864353692326,0.6206896551724137,54.34999999999999
446,2868,0.125,0.302878125,0.8251897361763642,0.6206896551724137,54.29999999999999
447,16044,0.8387125000000001,0.322884375,0.8143115287314782,0.3448275862068966,54.19999999999999
448,6252,0.875,0.3125,0.7872545476448619,0.6206896551724137,54.09999999999999
449,21314,0.625,0.24623750000000003,0.9673292374412721,0.48275862068965514,54.09090909090908
450,3572,0.3625,0.309375,0.7682568365257197,0.6896551724137931,54.066666666666656
451,3889,0.375,0.309375,0.7682568365257197,0.9655172413793103,54.008333333333326
452,2526,0.1125,0.309375,0.7059462715335502,0.13793103448275862,53.99999999999999
453,4934,0.625,0.309375,0.7059462715335502,0.3448275862068966,53.99999999999999
454,16023,0.625,0.32128125,0.8192145524635586,0.27586206896551724,53.99999999999999
455,4554,0.6125,0.3125,0.6752463558607397,0.27586206896551724,53.99999999999999
456,3216,0.125,0.3125,0.7872545476448619,0.3448275862068966,53.99999999999999
457,2910,0.125,0.309375,0.7059462715335502,0.3448275862068966,53.99999999999999
458,2560,0.1125,0.309375,0.7682568365257197,0.13793103448275862,53.99999999999999
459,3538,0.3625,0.309375,0.7059462715335502,0.6206896551724137,53.99999999999999
460,2221,0.1125,0.3125,0.7872545476448619,0.13793103448275862,53.99999999999999
461,5210,0.625,0.2384375,0.9629442235875195,0.3448275862068966,53.97999999999999
462,4584,0.6125,0.309375,0.7682568365257197,0.9655172413793103,53.908333333333324
463,3107,0.125,0.2408875,0.9729671123960967,0.3448275862068966,53.89999999999999
464,3580,0.3625,0.302878125,0.8251897361763642,0.3448275862068966,53.89999999999999
465,5210,0.625,0.2384375,0.9629442235875195,0.6206896551724137,53.84999999999999
466,4228,0.375,0.3125,0.7872545476448619,0.6896551724137931,53.84166666666666
467,5596,0.8625,0.309375,0.7682568365257197,0.9655172413793103,53.84166666666666
468,4549,0.6125,0.309375,0.67944103120106,1.0,53.80688124306325
469,3889,0.375,0.309375,0.7682568365257197,0.6896551724137931,53.67499999999999
470,3094,0.125,0.325859375,0.8049271172147935,0.3448275862068966,53.59999999999999
471,4584,0.6125,0.309375,0.7682568365257197,0.6896551724137931,53.57499999999999
472,5240,0.625,0.3125,0.7872545476448619,0.6896551724137931,53.54166666666666
473,5596,0.8625,0.309375,0.7682568365257197,0.6896551724137931,53.533333333333324
474,3544,0.3625,0.3125,0.62643055053608,0.9655172413793103,53.49999999999999
475,4152,0.375,0.321203125,0.8040477050957715,0.6206896551724137,53.49999999999999
476,3543,0.3625,0.3125,0.6508384531984098,0.9655172413793103,53.41666666666666
477,2221,0.1125,0.3125,0.7872545476448619,0.27586206896551724,53.39999999999999
478,3572,0.3625,0.309375,0.7682568365257197,0.48275862068965514,53.36363636363635
479,4592,0.6125,0.302878125,0.8251897361763642,0.3448275862068966,53.29999999999999
480,4584,0.6125,0.309375,0.7682568365257197,0.48275862068965514,53.272727272727266
481,3889,0.375,0.309375,0.7682568365257197,0.48275862068965514,53.272727272727266
482,2532,0.1125,0.3125,0.62643055053608,0.9655172413793103,53.16666666666666
483,3923,0.375,0.309375,0.67944103120106,1.0,53.10765815760265
484,2531,0.1125,0.3125,0.6508384531984098,0.6896551724137931,53.08333333333333
485,3917,0.375,0.3125,0.6508384531984098,0.9655172413793103,53.08333333333333
486,4555,0.6125,0.3125,0.6508384531984098,0.9655172413793103,52.99999999999999
487,5944,0.875,0.3125,0.62643055053608,0.6896551724137931,52.99999999999999
488,4934,0.625,0.309375,0.7059462715335502,0.6206896551724137,52.99999999999999
489,16023,0.625,0.32128125,0.8192145524635586,0.0,52.99999999999999
490,2905,0.125,0.3125,0.6508384531984098,0.6206896551724137,52.99999999999999
491,2560,0.1125,0.309375,0.7682568365257197,0.27586206896551724,52.99999999999999
492,5562,0.8625,0.309375,0.7059462715335502,0.3448275862068966,52.99999999999999
493,20023,0.8327625000000001,0.25448125,0.9575352367184676,0.6206896551724137,52.99999999999999
494,3880,0.375,0.302878125,0.8251897361763642,0.6206896551724137,52.99999999999999
495,15806,0.3625,0.3368625,0.750391519094085,1.0,52.941176470588225
496,20023,0.8327625000000001,0.25448125,0.9575352367184676,0.3448275862068966,52.89999999999999
497,4901,0.625,0.309375,0.7682568365257197,0.9655172413793103,52.86666666666666
498,4901,0.625,0.309375,0.7682568365257197,0.48275862068965514,52.818181818181806
499,4929,0.625,0.3125,0.6508384531984098,0.9655172413793103,52.74999999999999
500,2302,0.1125,0.325859375,0.8049271172147935,0.6206896551724137,52.69999999999999
501,4932,0.625,0.3125,0.62643055053608,0.9655172413793103,52.66666666666666
502,3125,0.125,0.109803125,0.9472834598241175,0.3448275862068966,52.62999999999999
503,2727,0.125,0.17785625,0.9873750150584266,1.0,52.58601553829078
504,4901,0.625,0.309375,0.7682568365257197,0.6896551724137931,52.54166666666666
505,2302,0.1125,0.325859375,0.8049271172147935,1.0,52.38623751387346
506,23102,0.125,0.16503125000000002,0.9840380677026864,1.0,52.38623751387346
507,21168,0.125,0.24623750000000003,0.9673292374412721,0.48275862068965514,52.36363636363635
508,3922,0.375,0.309375,0.7059462715335502,1.0,52.35294117647058
509,16043,0.8150999999999999,0.32442812499999996,0.8094807854475363,1.0,52.27524972253051
510,3920,0.375,0.3125,0.62643055053608,0.9655172413793103,52.24999999999999
511,4556,0.6125,0.3125,0.62643055053608,0.9655172413793103,52.16666666666666
512,2727,0.125,0.17785625,0.9873750150584266,0.6206896551724137,52.07999999999999
513,3542,0.3625,0.3125,0.6752463558607397,0.13793103448275862,51.99999999999999
514,3542,0.3625,0.3125,0.6752463558607397,0.27586206896551724,51.99999999999999
515,6252,0.875,0.3125,0.7872545476448619,0.3448275862068966,51.99999999999999
516,2526,0.1125,0.309375,0.7059462715335502,0.27586206896551724,51.99999999999999
517,4930,0.625,0.3125,0.6752463558607397,0.27586206896551724,51.99999999999999
518,4554,0.6125,0.3125,0.6752463558607397,0.0,51.99999999999999
519,4554,0.6125,0.3125,0.6752463558607397,0.13793103448275862,51.99999999999999
520,2910,0.125,0.309375,0.7059462715335502,0.6206896551724137,51.99999999999999
521,2906,0.125,0.3125,0.6752463558607397,0.13793103448275862,51.99999999999999
522,2560,0.1125,0.309375,0.7682568365257197,0.0,51.99999999999999
523,5562,0.8625,0.309375,0.7059462715335502,0.6206896551724137,51.99999999999999
524,3918,0.375,0.3125,0.6752463558607397,0.27586206896551724,51.99999999999999
525,3918,0.375,0.3125,0.6752463558607397,0.0,51.99999999999999
526,15846,0.3625,0.321328125,0.8190820383086375,0.0,51.99999999999999
527,4892,0.625,0.302878125,0.8251897361763642,0.6206896551724137,51.89999999999999
528,5210,0.625,0.2384375,0.9629442235875195,0.48275862068965514,51.81818181818181
529,3216,0.125,0.3125,0.7872545476448619,0.48275862068965514,51.81818181818181
530,4550,0.6125,0.309375,0.7059462715335502,0.48275862068965514,51.81818181818181
531,2221,0.1125,0.3125,0.7872545476448619,0.0,51.79999999999999
532,3314,0.3625,0.325859375,0.8049271172147935,0.9655172413793103,51.74999999999999
533,5332,0.8625,0.325428125,0.7905914950006022,1.0,51.70921198668145
534,5128,0.625,0.262071875,0.9472834598241175,0.6206896551724137,51.69999999999999
535,6177,0.875,0.325428125,0.7905914950006022,1.0,51.609322974472796
536,5566,0.8625,0.3125,0.6752463558607397,1.0,51.498335183129846
537,15996,0.625,0.3368625,0.750391519094085,1.0,51.387347391786896
538,3537,0.3625,0.309375,0.67944103120106,1.0,51.376248612652596
539,5568,0.8625,0.3125,0.62643055053608,1.0,51.30965593784683
540,6252,0.875,0.3125,0.7872545476448619,0.27586206896551724,51.09999999999999
541,5301,0.8625,0.256696875,0.9419226599204914,0.48275862068965514,51.09090909090908
542,2726,0.125,0.171346875,0.9860498735092157,0.48275862068965514,51.09090909090908
543,5941,0.875,0.3125,0.6508384531984098,0.6896551724137931,51.08333333333333
544,4553,0.6125,0.3125,0.6996542585230695,1.0,51.05438401775804
545,6252,0.875,0.3125,0.7872545476448619,0.13793103448275862,50.99999999999999
546,2526,0.1125,0.309375,0.7059462715335502,0.0,50.99999999999999
547,16023,0.625,0.32128125,0.8192145524635586,0.13793103448275862,50.99999999999999
548,2530,0.1125,0.3125,0.6752463558607397,0.13793103448275862,50.99999999999999
549,2908,0.125,0.3125,0.62643055053608,0.6206896551724137,50.99999999999999
550,5567,0.8625,0.3125,0.6508384531984098,0.3448275862068966,50.99999999999999
551,3918,0.375,0.3125,0.6752463558607397,0.13793103448275862,50.99999999999999
552,5913,0.875,0.309375,0.7682568365257197,0.13793103448275862,50.99999999999999
553,5913,0.875,0.309375,0.7682568365257197,0.27586206896551724,50.99999999999999
554,5946,0.875,0.309375,0.7059462715335502,0.13793103448275862,50.99999999999999
555,3922,0.375,0.309375,0.7059462715335502,0.48275862068965514,50.9090909090909
556,5941,0.875,0.3125,0.6508384531984098,0.48275862068965514,50.9090909090909
557,5944,0.875,0.3125,0.62643055053608,0.48275862068965514,50.9090909090909
558,3314,0.3625,0.325859375,0.8049271172147935,0.6896551724137931,50.83333333333333
559,2906,0.125,0.3125,0.6752463558607397,1.0,50.83240843507213
560,19831,0.3625,0.25570312500000003,0.9432478014697024,0.48275862068965514,50.81818181818181
561,5194,0.625,0.256696875,0.9419226599204914,0.6206896551724137,50.79999999999999
562,19853,0.12499999999999992,0.25565625000000003,0.9433080351764848,0.6206896551724137,50.79999999999999
563,15845,0.3625,0.31815625000000003,0.828538730273461,1.0,50.74361820199777
564,15845,0.3625,0.31815625000000003,0.828538730273461,0.6206896551724137,50.69999999999999
565,4550,0.6125,0.309375,0.7059462715335502,0.6896551724137931,50.66666666666666
566,2868,0.125,0.302878125,0.8251897361763642,0.48275862068965514,50.636363636363626
567,3171,0.125,0.26331875,0.9325864353692326,0.3448275862068966,50.61999999999999
568,3922,0.375,0.309375,0.7059462715335502,0.6896551724137931,50.58333333333333
569,19992,0.625,0.25565625000000003,0.9433080351764848,0.48275862068965514,50.454545454545446
570,2531,0.1125,0.3125,0.6508384531984098,0.9655172413793103,50.41666666666666
571,5128,0.625,0.262071875,0.9472834598241175,0.3448275862068966,50.29999999999999
572,5164,0.625,0.321203125,0.8040477050957715,0.6206896551724137,50.29999999999999
573,21272,0.8329000000000001,0.24742187499999999,0.9534513913986267,0.6206896551724137,50.29999999999999
574,4935,0.625,0.309375,0.67944103120106,1.0,50.25527192008878
575,5118,0.625,0.325859375,0.8049271172147935,0.9655172413793103,50.24999999999999
576,3880,0.375,0.302878125,0.8251897361763642,0.27586206896551724,50.19999999999999
577,5163,0.625,0.3125,0.8297072641850378,1.0,50.199778024417306
578,16035,0.8030125,0.322059375,0.8168533911576918,1.0,50.16648168701442
579,4326,0.6125,0.325859375,0.8049271172147935,0.9655172413793103,50.02499999999999
580,2908,0.125,0.3125,0.62643055053608,0.48275862068965514,49.99999999999999
581,2905,0.125,0.3125,0.6508384531984098,0.48275862068965514,49.99999999999999
582,5946,0.875,0.309375,0.7059462715335502,0.27586206896551724,49.99999999999999
583,3542,0.3625,0.3125,0.6752463558607397,0.0,49.99999999999999
584,4930,0.625,0.3125,0.6752463558607397,0.0,49.99999999999999
585,4930,0.625,0.3125,0.6752463558607397,0.13793103448275862,49.99999999999999
586,2906,0.125,0.3125,0.6752463558607397,0.27586206896551724,49.99999999999999
587,21279,0.625,0.24936250000000001,0.9511866040236115,0.6206896551724137,49.99999999999999
588,5566,0.8625,0.3125,0.6752463558607397,0.13793103448275862,49.99999999999999
589,5567,0.8625,0.3125,0.6508384531984098,0.13793103448275862,49.99999999999999
590,5568,0.8625,0.3125,0.62643055053608,0.13793103448275862,49.99999999999999
591,17422,0.8625,0.31186250000000004,0.8462594868088182,0.3448275862068966,49.99999999999999
592,15875,0.14884375,0.32284375,0.8144319961450427,0.6206896551724137,49.99999999999999
593,5913,0.875,0.309375,0.7682568365257197,0.0,49.99999999999999
594,6177,0.875,0.325428125,0.7905914950006022,0.6206896551724137,49.89999999999999
595,21272,0.8329000000000001,0.24742187499999999,0.9534513913986267,0.3448275862068966,49.89999999999999
596,3919,0.375,0.3125,0.6996542585230695,1.0,49.83351831298556
597,4592,0.6125,0.302878125,0.8251897361763642,0.48275862068965514,49.81818181818181
598,19998,0.8625,0.25570312500000003,0.9432478014697024,0.48275862068965514,49.81818181818181
599,4152,0.375,0.321203125,0.8040477050957715,0.3448275862068966,49.79999999999999
600,17279,0.125,0.31498750000000003,0.8376219732562342,1.0,49.72253052164261
601,2868,0.125,0.302878125,0.8251897361763642,0.3448275862068966,49.64999999999999
602,3277,0.3625,0.256696875,0.9419226599204914,0.48275862068965514,49.636363636363626
603,17280,0.125,0.31186250000000004,0.8462594868088182,1.0,49.611542730299654
604,17422,0.8625,0.31186250000000004,0.8462594868088182,0.6206896551724137,49.599999999999994
605,4592,0.6125,0.302878125,0.8251897361763642,0.27586206896551724,49.49999999999999
606,2302,0.1125,0.325859375,0.8049271172147935,0.3448275862068966,49.49999999999999
607,21279,0.625,0.24936250000000001,0.9511866040236115,0.3448275862068966,49.49999999999999
608,3307,0.3625,0.321203125,0.8040477050957715,0.6206896551724137,49.49999999999999
609,3880,0.375,0.302878125,0.8251897361763642,0.3448275862068966,49.49999999999999
610,5942,0.875,0.3125,0.6752463558607397,1.0,49.467258601553816
611,5944,0.875,0.3125,0.62643055053608,0.9655172413793103,49.41666666666666
612,2726,0.125,0.171346875,0.9860498735092157,1.0,49.36736958934516
613,3233,0.3625,0.3125,0.7872545476448619,0.8275862068965517,49.35622317596566
614,2221,0.1125,0.3125,0.7872545476448619,1.0,49.245283018867916
615,5118,0.625,0.325859375,0.8049271172147935,0.6896551724137931,49.16666666666666
616,2726,0.125,0.171346875,0.9860498735092157,0.3448275862068966,49.15999999999999
617,5194,0.625,0.256696875,0.9419226599204914,0.3448275862068966,49.099999999999994
618,16023,0.625,0.32128125,0.8192145524635586,0.6206896551724137,49.099999999999994
619,3094,0.125,0.325859375,0.8049271172147935,0.48275862068965514,49.09090909090908
620,2910,0.125,0.309375,0.7059462715335502,0.48275862068965514,49.09090909090908
621,3538,0.3625,0.309375,0.7059462715335502,0.48275862068965514,49.09090909090908
622,4326,0.6125,0.325859375,0.8049271172147935,0.6896551724137931,48.99999999999999
623,19881,0.15474125,0.25448125,0.9575352367184676,0.48275862068965514,48.99999999999999
624,3580,0.3625,0.302878125,0.8251897361763642,0.48275862068965514,48.99999999999999
625,6252,0.875,0.3125,0.7872545476448619,0.0,48.99999999999999
626,2530,0.1125,0.3125,0.6752463558607397,0.27586206896551724,48.99999999999999
627,4319,0.6125,0.321203125,0.8040477050957715,0.27586206896551724,48.99999999999999
628,4152,0.375,0.321203125,0.8040477050957715,0.27586206896551724,48.99999999999999
629,2906,0.125,0.3125,0.6752463558607397,0.0,48.99999999999999
630,3307,0.3625,0.321203125,0.8040477050957715,0.13793103448275862,48.99999999999999
631,5566,0.8625,0.3125,0.6752463558607397,0.0,48.99999999999999
632,5566,0.8625,0.3125,0.6752463558607397,0.27586206896551724,48.99999999999999
633,5567,0.8625,0.3125,0.6508384531984098,0.6206896551724137,48.99999999999999
634,5568,0.8625,0.3125,0.62643055053608,0.3448275862068966,48.99999999999999
635,15867,0.16463125,0.32075624999999997,0.8208047223226117,0.6206896551724137,48.99999999999999
636,15868,0.144875,0.319459375,0.8246837730393927,0.13793103448275862,48.99999999999999
637,15846,0.3625,0.321328125,0.8190820383086375,0.13793103448275862,48.99999999999999
638,5946,0.875,0.309375,0.7059462715335502,0.0,48.99999999999999
639,6130,0.875,0.325859375,0.8049271172147935,0.9655172413793103,48.91666666666666
640,4106,0.375,0.325859375,0.8049271172147935,0.9655172413793103,48.783333333333324
641,3671,0.3625,0.10855624999999999,0.9325864353692326,0.3448275862068966,48.73999999999999
642,3308,0.3625,0.325428125,0.7905914950006022,1.0,48.72364039955604
643,23110,0.3625,0.16503125000000002,0.9961450427659317,1.0,48.72364039955604
644,3125,0.125,0.109803125,0.9472834598241175,0.6206896551724137,48.71999999999999
645,4892,0.625,0.302878125,0.8251897361763642,0.3448275862068966,48.69999999999999
646,19853,0.12499999999999992,0.25565625000000003,0.9433080351764848,0.3448275862068966,48.69999999999999
647,2560,0.1125,0.309375,0.7682568365257197,1.0,48.69034406215315
648,4550,0.6125,0.309375,0.7059462715335502,0.9655172413793103,48.66666666666666
649,3922,0.375,0.309375,0.7059462715335502,0.9655172413793103,48.66666666666666
650,20023,0.8327625000000001,0.25448125,0.9575352367184676,0.48275862068965514,48.636363636363626
651,21278,0.6546875,0.24742187499999999,0.9534513913986267,0.6206896551724137,48.599999999999994
652,4152,0.375,0.321203125,0.8040477050957715,0.48275862068965514,48.54545454545454
653,3538,0.3625,0.309375,0.7059462715335502,0.6896551724137931,48.49999999999999
654,5941,0.875,0.3125,0.6508384531984098,0.9655172413793103,48.49999999999999
655,15867,0.16463125,0.32075624999999997,0.8208047223226117,0.3448275862068966,48.49999999999999
656,5596,0.8625,0.309375,0.7682568365257197,0.3448275862068966,48.49999999999999
657,3671,0.3625,0.10855624999999999,0.9325864353692326,0.48275862068965514,48.454545454545446
658,4892,0.625,0.302878125,0.8251897361763642,0.27586206896551724,48.39999999999999
659,4319,0.6125,0.321203125,0.8040477050957715,0.6206896551724137,48.39999999999999
660,21271,0.8625,0.24936250000000001,0.9511866040236115,0.6206896551724137,48.39999999999999
661,15875,0.14884375,0.32284375,0.8144319961450427,0.3448275862068966,48.39999999999999
662,2530,0.1125,0.3125,0.6752463558607397,1.0,48.39067702552718
663,4153,0.375,0.325428125,0.7905914950006022,1.0,48.39067702552718
664,20012,0.8625,0.25253125,0.9599807252138296,0.6206896551724137,48.29999999999999
665,21278,0.6546875,0.24742187499999999,0.9534513913986267,0.3448275862068966,48.19999999999999
666,6252,0.875,0.3125,0.7872545476448619,0.48275862068965514,48.18181818181817
667,4934,0.625,0.309375,0.7059462715335502,0.48275862068965514,48.18181818181817
668,3671,0.3625,0.10855624999999999,0.9325864353692326,0.6206896551724137,48.15999999999999
669,16033,0.842625,0.319459375,0.8246837730393927,0.8275862068965517,48.140200286123026
670,17421,0.8625,0.31498750000000003,0.8376219732562342,0.6206896551724137,48.099999999999994
671,2302,0.1125,0.325859375,0.8049271172147935,0.48275862068965514,48.090909090909086
672,3572,0.3625,0.309375,0.7682568365257197,0.8275862068965517,48.068669527896986
673,2908,0.125,0.3125,0.62643055053608,0.6896551724137931,47.99999999999999
674,5164,0.625,0.321203125,0.8040477050957715,0.27586206896551724,47.99999999999999
675,3140,0.125,0.321203125,0.8040477050957715,0.27586206896551724,47.99999999999999
676,4319,0.6125,0.321203125,0.8040477050957715,0.13793103448275862,47.99999999999999
677,4152,0.375,0.321203125,0.8040477050957715,0.13793103448275862,47.99999999999999
678,2296,0.1125,0.325428125,0.7905914950006022,0.27586206896551724,47.99999999999999
679,3307,0.3625,0.321203125,0.8040477050957715,0.27586206896551724,47.99999999999999
680,21271,0.8625,0.24936250000000001,0.9511866040236115,0.3448275862068966,47.99999999999999
681,15845,0.3625,0.31815625000000003,0.828538730273461,0.3448275862068966,47.99999999999999
682,3580,0.3625,0.302878125,0.8251897361763642,0.27586206896551724,47.99999999999999
683,5942,0.875,0.3125,0.6752463558607397,0.13793103448275862,47.99999999999999
684,4245,0.6125,0.3125,0.7872545476448619,0.8275862068965517,47.997138769670954
685,5257,0.8625,0.3125,0.7872545476448619,0.9655172413793103,47.98333333333333
686,5946,0.875,0.309375,0.7059462715335502,1.0,47.980022197558256
687,4584,0.6125,0.309375,0.7682568365257197,0.8275862068965517,47.925608011444915
688,16019,0.8625,0.321328125,0.8190820383086375,0.9655172413793103,47.91666666666666
689,5596,0.8625,0.309375,0.7682568365257197,0.6206896551724137,47.89999999999999
690,5565,0.8625,0.3125,0.6996542585230695,1.0,47.83573806881242
691,5289,0.8625,0.2384375,0.9629442235875195,0.3448275862068966,47.82999999999999
692,16044,0.8387125000000001,0.322884375,0.8143115287314782,0.48275862068965514,47.81818181818181
693,5331,0.8625,0.321203125,0.8040477050957715,0.6206896551724137,47.79999999999999
694,4106,0.375,0.325859375,0.8049271172147935,0.6896551724137931,47.79166666666666
695,4934,0.625,0.309375,0.7059462715335502,0.6896551724137931,47.74999999999999
696,16034,0.822875,0.32075624999999997,0.8208047223226117,0.9655172413793103,47.74999999999999
697,5165,0.625,0.325428125,0.7905914950006022,1.0,47.72475027746947
698,20012,0.8625,0.25253125,0.9599807252138296,0.3448275862068966,47.69999999999999
699,5195,0.625,0.26331875,0.9325864353692326,0.6206896551724137,47.67999999999999
700,2905,0.125,0.3125,0.6508384531984098,0.6896551724137931,47.66666666666666
701,6130,0.875,0.325859375,0.8049271172147935,0.6896551724137931,47.66666666666666
702,3889,0.375,0.309375,0.7682568365257197,0.8275862068965517,47.639484978540764
703,16034,0.822875,0.32075624999999997,0.8208047223226117,0.48275862068965514,47.636363636363626
704,4153,0.375,0.325428125,0.7905914950006022,0.6206896551724137,47.599999999999994
705,16019,0.8625,0.321328125,0.8190820383086375,0.6896551724137931,47.58333333333333
706,15868,0.144875,0.319459375,0.8246837730393927,0.9655172413793103,47.58333333333333
707,2316,0.1125,0.2336875,0.9796651005902903,0.48275862068965514,47.54545454545454
708,5561,0.8625,0.309375,0.67944103120106,1.0,47.53607103218645
709,2868,0.125,0.302878125,0.8251897361763642,1.0,47.51387347391786
710,23107,0.3625,0.1806125,0.9997470184315143,1.0,47.50277469478356
711,17421,0.8625,0.31498750000000003,0.8376219732562342,0.3448275862068966,47.49999999999999
712,23114,0.125,0.16503125000000002,0.9961450427659317,0.9655172413793103,47.41666666666666
713,3880,0.375,0.302878125,0.8251897361763642,0.0,47.39999999999999
714,16034,0.822875,0.32075624999999997,0.8208047223226117,0.6896551724137931,47.33333333333333
715,23114,0.125,0.16503125000000002,0.9961450427659317,0.6896551724137931,47.33333333333333
716,5164,0.625,0.321203125,0.8040477050957715,0.3448275862068966,47.29999999999999
717,3327,0.3625,0.2408875,0.9729671123960967,0.6206896551724137,47.29999999999999
718,5562,0.8625,0.309375,0.7059462715335502,0.48275862068965514,47.272727272727266
719,4592,0.6125,0.302878125,0.8251897361763642,0.0,47.19999999999999
720,21163,0.3625,0.24623750000000003,0.9673292374412721,0.6206896551724137,47.19999999999999
721,15874,0.172505,0.32439687500000003,0.8095771593783881,1.0,47.16981132075471
722,2778,0.125,0.10855624999999999,0.9325864353692326,0.6896551724137931,47.133333333333326
723,3307,0.3625,0.321203125,0.8040477050957715,0.3448275862068966,47.099999999999994
724,3725,0.3625,0.17785625,0.9873750150584266,0.48275862068965514,47.090909090909086
725,15868,0.144875,0.319459375,0.8246837730393927,0.6896551724137931,46.99999999999999
726,3139,0.125,0.3125,0.8297072641850378,0.13793103448275862,46.99999999999999
727,4592,0.6125,0.302878125,0.8251897361763642,0.13793103448275862,46.99999999999999
728,4553,0.6125,0.3125,0.6996542585230695,0.6206896551724137,46.99999999999999
729,2530,0.1125,0.3125,0.6752463558607397,0.0,46.99999999999999
730,4110,0.375,0.301878125,0.8718226719672328,0.6206896551724137,46.99999999999999
731,3880,0.375,0.302878125,0.8251897361763642,0.13793103448275862,46.99999999999999
732,5942,0.875,0.3125,0.6752463558607397,0.0,46.99999999999999
733,5942,0.875,0.3125,0.6752463558607397,0.27586206896551724,46.99999999999999
734,5562,0.8625,0.309375,0.7059462715335502,0.6896551724137931,46.91666666666666
735,6177,0.875,0.325428125,0.7905914950006022,0.3448275862068966,46.89999999999999
736,5164,0.625,0.321203125,0.8040477050957715,0.48275862068965514,46.81818181818181
737,16023,0.625,0.32128125,0.8192145524635586,0.48275862068965514,46.81818181818181
738,2779,0.125,0.11517812499999999,0.9419226599204914,0.48275862068965514,46.81818181818181
739,15866,0.184485,0.322059375,0.8168533911576918,1.0,46.7258601553829
740,5195,0.625,0.26331875,0.9325864353692326,0.3448275862068966,46.67999999999999
741,3278,0.3625,0.26331875,0.9325864353692326,0.48275862068965514,46.636363636363626
742,5596,0.8625,0.309375,0.7682568365257197,0.48275862068965514,46.636363636363626
743,3541,0.3625,0.3125,0.6996542585230695,1.0,46.61487236403995
744,16023,0.625,0.32128125,0.8192145524635586,0.3448275862068966,46.599999999999994
745,5596,0.8625,0.309375,0.7682568365257197,0.8275862068965517,46.56652360515021
746,3324,0.3625,0.262071875,0.9472834598241175,0.48275862068965514,46.54545454545454
747,3538,0.3625,0.309375,0.7059462715335502,0.9655172413793103,46.49999999999999
748,3543,0.3625,0.3125,0.6508384531984098,0.8275862068965517,46.49499284692417
749,2532,0.1125,0.3125,0.62643055053608,0.8275862068965517,46.49499284692417
750,4901,0.625,0.309375,0.7682568365257197,0.8275862068965517,46.49499284692417
751,3544,0.3625,0.3125,0.62643055053608,0.8275862068965517,46.49499284692417
752,2778,0.125,0.10855624999999999,0.9325864353692326,0.9655172413793103,46.449999999999996
753,2910,0.125,0.309375,0.7059462715335502,0.6896551724137931,46.41666666666666
754,2779,0.125,0.11517812499999999,0.9419226599204914,0.3448275862068966,46.29999999999999
755,17433,0.8389,0.310315625,0.8504276593181543,1.0,46.28190899001109
756,6144,0.875,0.2336875,0.9796651005902903,0.3448275862068966,46.24999999999999
757,3725,0.3625,0.17785625,0.9873750150584266,0.3448275862068966,46.239999999999995
758,6144,0.875,0.2336875,0.9796651005902903,0.6206896551724137,46.22999999999999
759,4555,0.6125,0.3125,0.6508384531984098,0.8275862068965517,46.20886981402002
760,3117,0.125,0.16744375,0.9969883146608842,0.48275862068965514,46.18181818181817
761,4228,0.375,0.3125,0.7872545476448619,0.8275862068965517,46.13733905579399
762,5240,0.625,0.3125,0.7872545476448619,0.8275862068965517,46.13733905579399
763,3917,0.375,0.3125,0.6508384531984098,0.8275862068965517,46.13733905579399
764,5122,0.625,0.301878125,0.8718226719672328,0.6206896551724137,46.099999999999994
765,20021,0.6547375,0.25448125,0.9575352367184676,0.6206896551724137,46.099999999999994
766,2877,0.125,0.309375,0.7682568365257197,0.9655172413793103,46.074999999999996
767,16044,0.8387125000000001,0.322884375,0.8143115287314782,0.9655172413793103,45.99999999999999
768,4152,0.375,0.321203125,0.8040477050957715,0.0,45.99999999999999
769,3307,0.3625,0.321203125,0.8040477050957715,0.0,45.99999999999999
770,5565,0.8625,0.3125,0.6996542585230695,0.6206896551724137,45.99999999999999
771,4319,0.6125,0.321203125,0.8040477050957715,0.0,45.99999999999999
772,6177,0.875,0.325428125,0.7905914950006022,0.27586206896551724,45.99999999999999
773,3140,0.125,0.321203125,0.8040477050957715,0.0,45.99999999999999
774,3140,0.125,0.321203125,0.8040477050957715,0.13793103448275862,45.99999999999999
775,3919,0.375,0.3125,0.6996542585230695,0.6206896551724137,45.99999999999999
776,15850,0.125,0.31815625000000003,0.828538730273461,0.13793103448275862,45.99999999999999
777,15846,0.3625,0.321328125,0.8190820383086375,0.6206896551724137,45.99999999999999
778,5164,0.625,0.321203125,0.8040477050957715,0.13793103448275862,45.99999999999999
779,4929,0.625,0.3125,0.6508384531984098,0.8275862068965517,45.99427753934191
780,4931,0.625,0.3125,0.6996542585230695,1.0,45.94894561598223
781,5257,0.8625,0.3125,0.7872545476448619,0.6896551724137931,45.908333333333324
782,16024,0.625,0.31815625000000003,0.828538730273461,0.6206896551724137,45.89999999999999
783,4892,0.625,0.302878125,0.8251897361763642,0.0,45.89999999999999
784,15867,0.16463125,0.32075624999999997,0.8208047223226117,0.13793103448275862,45.89999999999999
785,21278,0.6546875,0.24742187499999999,0.9534513913986267,0.48275862068965514,45.81818181818181
786,21279,0.625,0.24936250000000001,0.9511866040236115,0.48275862068965514,45.81818181818181
787,20021,0.6547375,0.25448125,0.9575352367184676,0.3448275862068966,45.79999999999999
788,4556,0.6125,0.3125,0.62643055053608,0.8275862068965517,45.7796852646638
789,3920,0.375,0.3125,0.62643055053608,0.8275862068965517,45.7796852646638
790,4932,0.625,0.3125,0.62643055053608,0.8275862068965517,45.7796852646638
791,2877,0.125,0.309375,0.7682568365257197,0.6896551724137931,45.758333333333326
792,4934,0.625,0.309375,0.7059462715335502,0.9655172413793103,45.74999999999999
793,5194,0.625,0.256696875,0.9419226599204914,0.48275862068965514,45.72727272727272
794,3880,0.375,0.302878125,0.8251897361763642,0.48275862068965514,45.72727272727272
795,16043,0.8150999999999999,0.32442812499999996,0.8094807854475363,0.6206896551724137,45.69999999999999
796,2296,0.1125,0.325428125,0.7905914950006022,1.0,45.615982241953375
797,4110,0.375,0.301878125,0.8718226719672328,0.3448275862068966,45.599999999999994
798,3580,0.3625,0.302878125,0.8251897361763642,0.0,45.599999999999994
799,5567,0.8625,0.3125,0.6508384531984098,0.6896551724137931,45.58333333333333
800,2726,0.125,0.171346875,0.9860498735092157,0.6206896551724137,45.57999999999999
801,20016,0.625,0.25253125,0.9599807252138296,0.6206896551724137,45.49999999999999
802,21163,0.3625,0.24623750000000003,0.9673292374412721,0.3448275862068966,45.49999999999999
803,6144,0.875,0.2336875,0.9796651005902903,0.48275862068965514,45.454545454545446
804,6177,0.875,0.325428125,0.7905914950006022,0.48275862068965514,45.454545454545446
805,3170,0.125,0.256696875,0.9419226599204914,0.6206896551724137,45.39999999999999
806,15868,0.144875,0.319459375,0.8246837730393927,0.3448275862068966,45.39999999999999
807,16035,0.8030125,0.322059375,0.8168533911576918,0.6206896551724137,45.39999999999999
808,5165,0.625,0.325428125,0.7905914950006022,0.6206896551724137,45.39999999999999
809,15995,0.6447125,0.335575,0.7552222623780267,1.0,45.39400665926747
810,15846,0.3625,0.321328125,0.8190820383086375,0.48275862068965514,45.36363636363635
811,4317,0.6125,0.3125,0.8297072641850378,1.0,45.349611542730294
812,4319,0.6125,0.321203125,0.8040477050957715,0.3448275862068966,45.29999999999999
813,3327,0.3625,0.2408875,0.9729671123960967,0.3448275862068966,45.29999999999999
814,2221,0.1125,0.3125,0.7872545476448619,0.6206896551724137,45.29999999999999
815,15845,0.3625,0.31815625000000003,0.828538730273461,0.48275862068965514,45.272727272727266
816,16044,0.8387125000000001,0.322884375,0.8143115287314782,0.6896551724137931,45.24999999999999
817,2282,0.1125,0.30108437499999996,0.8357908685700518,0.6206896551724137,45.19999999999999
818,20016,0.625,0.25253125,0.9599807252138296,0.3448275862068966,45.19999999999999
819,15868,0.144875,0.319459375,0.8246837730393927,0.6206896551724137,45.19999999999999
820,21139,0.15468375,0.24742187499999999,0.9534513913986267,0.48275862068965514,45.18181818181817
821,15807,0.34285,0.335575,0.7552222623780267,1.0,45.17203107658157
822,3308,0.3625,0.325428125,0.7905914950006022,0.6206896551724137,45.099999999999994
823,23107,0.3625,0.1806125,0.9997470184315143,0.3448275862068966,45.099999999999994
824,21272,0.8329000000000001,0.24742187499999999,0.9534513913986267,0.48275862068965514,45.090909090909086
825,4892,0.625,0.302878125,0.8251897361763642,0.48275862068965514,45.090909090909086
826,4320,0.6125,0.325428125,0.7905914950006022,1.0,45.06104328523861
827,3271,0.3625,0.24490625000000002,0.9562703288760389,0.48275862068965514,45.01818181818181
828,17422,0.8625,0.31186250000000004,0.8462594868088182,0.48275862068965514,44.99999999999999
829,2296,0.1125,0.325428125,0.7905914950006022,0.0,44.99999999999999
830,2296,0.1125,0.325428125,0.7905914950006022,0.13793103448275862,44.99999999999999
831,2877,0.125,0.309375,0.7682568365257197,0.3448275862068966,44.99999999999999
832,2303,0.1125,0.32008749999999997,0.822816528129141,0.13793103448275862,44.99999999999999
833,17262,0.125,0.31186250000000004,0.831478135164438,0.13793103448275862,44.99999999999999
834,2282,0.1125,0.30108437499999996,0.8357908685700518,0.27586206896551724,44.99999999999999
835,5568,0.8625,0.3125,0.62643055053608,0.6206896551724137,44.99999999999999
836,5331,0.8625,0.321203125,0.8040477050957715,0.27586206896551724,44.99999999999999
837,4892,0.625,0.302878125,0.8251897361763642,0.13793103448275862,44.99999999999999
838,3139,0.125,0.3125,0.8297072641850378,0.27586206896551724,44.99999999999999
839,5164,0.625,0.321203125,0.8040477050957715,0.0,44.99999999999999
840,3580,0.3625,0.302878125,0.8251897361763642,0.13793103448275862,44.99999999999999
841,3141,0.125,0.325428125,0.7905914950006022,1.0,44.961154273029955
842,16024,0.625,0.31815625000000003,0.828538730273461,1.0,44.93895671476137
843,5562,0.8625,0.309375,0.7059462715335502,0.9655172413793103,44.91666666666666
844,21142,0.33290000000000003,0.24742187499999999,0.9534513913986267,0.48275862068965514,44.9090909090909
845,2877,0.125,0.309375,0.7682568365257197,0.6206896551724137,44.89999999999999
846,2905,0.125,0.3125,0.6508384531984098,0.9655172413793103,44.83333333333333
847,2814,0.125,0.042315000000000005,0.7767256956993133,0.13793103448275862,44.79999999999999
848,19831,0.3625,0.25570312500000003,0.9432478014697024,0.6206896551724137,44.79999999999999
849,16035,0.8030125,0.322059375,0.8168533911576918,0.3448275862068966,44.599999999999994
850,5567,0.8625,0.3125,0.6508384531984098,0.48275862068965514,44.54545454545454
851,5568,0.8625,0.3125,0.62643055053608,0.6896551724137931,44.49999999999999
852,15849,0.12499999999999992,0.32128125,0.8192145524635586,0.9655172413793103,44.49999999999999
853,5122,0.625,0.301878125,0.8718226719672328,0.3448275862068966,44.49999999999999
854,5332,0.8625,0.325428125,0.7905914950006022,0.6206896551724137,44.49999999999999
855,16043,0.8150999999999999,0.32442812499999996,0.8094807854475363,0.3448275862068966,44.49999999999999
856,2910,0.125,0.309375,0.7059462715335502,0.9655172413793103,44.41666666666666
857,4153,0.375,0.325428125,0.7905914950006022,0.3448275862068966,44.39999999999999
858,15849,0.12499999999999992,0.32128125,0.8192145524635586,0.6896551724137931,44.24999999999999
859,4320,0.6125,0.325428125,0.7905914950006022,0.6206896551724137,44.19999999999999
860,15996,0.625,0.3368625,0.750391519094085,0.6206896551724137,44.19999999999999
861,23107,0.3625,0.1806125,0.9997470184315143,0.6206896551724137,44.19999999999999
862,16019,0.8625,0.321328125,0.8190820383086375,0.8275862068965517,44.13447782546494
863,2779,0.125,0.11517812499999999,0.9419226599204914,0.6206896551724137,44.11999999999999
864,5331,0.8625,0.321203125,0.8040477050957715,0.3448275862068966,44.099999999999994
865,6134,0.875,0.301878125,0.8718226719672328,0.48275862068965514,44.090909090909086
866,2908,0.125,0.3125,0.62643055053608,0.9655172413793103,44.08333333333333
867,3216,0.125,0.3125,0.7872545476448619,0.9655172413793103,44.05833333333333
868,3541,0.3625,0.3125,0.6996542585230695,0.6206896551724137,43.99999999999999
869,4110,0.375,0.301878125,0.8718226719672328,0.27586206896551724,43.99999999999999
870,5565,0.8625,0.3125,0.6996542585230695,0.3448275862068966,43.99999999999999
871,17262,0.125,0.31186250000000004,0.831478135164438,0.27586206896551724,43.99999999999999
872,2282,0.1125,0.30108437499999996,0.8357908685700518,0.0,43.99999999999999
873,2282,0.1125,0.30108437499999996,0.8357908685700518,0.13793103448275862,43.99999999999999
874,4549,0.6125,0.309375,0.67944103120106,0.27586206896551724,43.99999999999999
875,5331,0.8625,0.321203125,0.8040477050957715,0.13793103448275862,43.99999999999999
876,4553,0.6125,0.3125,0.6996542585230695,0.3448275862068966,43.99999999999999
877,3139,0.125,0.3125,0.8297072641850378,0.0,43.99999999999999
878,2526,0.1125,0.309375,0.7059462715335502,0.3448275862068966,43.99999999999999
879,6190,0.875,0.30108437499999996,0.8357908685700518,0.13793103448275862,43.99999999999999
880,6190,0.875,0.30108437499999996,0.8357908685700518,0.27586206896551724,43.99999999999999
881,23112,0.125,0.1806125,0.9997470184315143,0.3448275862068966,43.99999999999999
882,5122,0.625,0.301878125,0.8718226719672328,0.48275862068965514,43.9090909090909
883,23114,0.125,0.16503125000000002,0.9961450427659317,0.6206896551724137,43.89999999999999
884,19831,0.3625,0.25570312500000003,0.9432478014697024,0.3448275862068966,43.79999999999999
885,15996,0.625,0.3368625,0.750391519094085,0.3448275862068966,43.79999999999999
886,5331,0.8625,0.321203125,0.8040477050957715,0.48275862068965514,43.636363636363626
887,4319,0.6125,0.321203125,0.8040477050957715,0.48275862068965514,43.636363636363626
888,5944,0.875,0.3125,0.62643055053608,0.8275862068965517,43.63376251788269
889,2531,0.1125,0.3125,0.6508384531984098,0.8275862068965517,43.63376251788269
890,16024,0.625,0.31815625000000003,0.828538730273461,0.3448275862068966,43.599999999999994
891,2877,0.125,0.309375,0.7682568365257197,0.48275862068965514,43.54545454545454
892,19881,0.15474125,0.25448125,0.9575352367184676,0.6206896551724137,43.49999999999999
893,15875,0.14884375,0.32284375,0.8144319961450427,0.48275862068965514,43.454545454545446
894,17422,0.8625,0.31186250000000004,0.8462594868088182,0.6896551724137931,43.41666666666666
895,6134,0.875,0.301878125,0.8718226719672328,0.6206896551724137,43.39999999999999
896,2221,0.1125,0.3125,0.7872545476448619,0.3448275862068966,43.39999999999999
897,5128,0.625,0.262071875,0.9472834598241175,0.48275862068965514,43.36363636363636
898,21140,0.125,0.24936250000000001,0.9511866040236115,0.48275862068965514,43.36363636363636
899,6252,0.875,0.3125,0.7872545476448619,0.9655172413793103,43.33333333333333
900,5338,0.8625,0.325859375,0.8049271172147935,1.0,43.285238623751376
901,4548,0.6125,0.309375,0.65293579086857,1.0,43.285238623751376
902,4110,0.375,0.301878125,0.8718226719672328,0.48275862068965514,43.272727272727266
903,15806,0.3625,0.3368625,0.750391519094085,0.6206896551724137,43.19999999999999
904,23112,0.125,0.1806125,0.9997470184315143,0.6206896551724137,43.19999999999999
905,17422,0.8625,0.31186250000000004,0.8462594868088182,0.9655172413793103,43.08333333333333
906,3536,0.3625,0.309375,0.65293579086857,1.0,43.063263041065476
907,5946,0.875,0.309375,0.7059462715335502,0.3448275862068966,42.99999999999999
908,6190,0.875,0.30108437499999996,0.8357908685700518,0.0,42.99999999999999
909,4110,0.375,0.301878125,0.8718226719672328,0.0,42.99999999999999
910,4110,0.375,0.301878125,0.8718226719672328,0.13793103448275862,42.99999999999999
911,2306,0.1125,0.301878125,0.8718226719672328,0.13793103448275862,42.99999999999999
912,2303,0.1125,0.32008749999999997,0.822816528129141,0.0,42.99999999999999
913,2303,0.1125,0.32008749999999997,0.822816528129141,0.27586206896551724,42.99999999999999
914,2282,0.1125,0.30108437499999996,0.8357908685700518,0.3448275862068966,42.99999999999999
915,17262,0.125,0.31186250000000004,0.831478135164438,0.0,42.99999999999999
916,5329,0.8625,0.3125,0.8297072641850378,0.13793103448275862,42.99999999999999
917,5329,0.8625,0.3125,0.8297072641850378,0.27586206896551724,42.99999999999999
918,5331,0.8625,0.321203125,0.8040477050957715,0.0,42.99999999999999
919,6177,0.875,0.325428125,0.7905914950006022,0.0,42.99999999999999
920,6177,0.875,0.325428125,0.7905914950006022,0.13793103448275862,42.99999999999999
921,17414,0.8625,0.31186250000000004,0.831478135164438,0.27586206896551724,42.99999999999999
922,16024,0.625,0.31815625000000003,0.828538730273461,0.27586206896551724,42.99999999999999
923,16020,0.8625,0.31815625000000003,0.828538730273461,0.13793103448275862,42.99999999999999
924,4931,0.625,0.3125,0.6996542585230695,0.6206896551724137,42.99999999999999
925,16033,0.842625,0.319459375,0.8246837730393927,0.13793103448275862,42.99999999999999
926,3919,0.375,0.3125,0.6996542585230695,0.3448275862068966,42.99999999999999
927,3537,0.3625,0.309375,0.67944103120106,0.27586206896551724,42.99999999999999
928,2911,0.125,0.309375,0.67944103120106,1.0,42.95227524972252
929,4936,0.625,0.309375,0.65293579086857,1.0,42.95227524972252
930,5947,0.875,0.309375,0.67944103120106,1.0,42.91897891231964
931,15846,0.3625,0.321328125,0.8190820383086375,0.3448275862068966,42.89999999999999
932,3265,0.3625,0.2384375,0.9629442235875195,0.6206896551724137,42.86999999999999
933,17421,0.8625,0.31498750000000003,0.8376219732562342,0.9655172413793103,42.74999999999999
934,2907,0.125,0.3125,0.6996542585230695,1.0,42.73029966703662
935,4553,0.6125,0.3125,0.6996542585230695,0.48275862068965514,42.72727272727272
936,2296,0.1125,0.325428125,0.7905914950006022,0.6206896551724137,42.699999999999996
937,6131,0.875,0.32008749999999997,0.822816528129141,0.6206896551724137,42.699999999999996
938,5567,0.8625,0.3125,0.6508384531984098,0.9655172413793103,42.66666666666666
939,3307,0.3625,0.321203125,0.8040477050957715,0.48275862068965514,42.636363636363626
940,20021,0.6547375,0.25448125,0.9575352367184676,0.48275862068965514,42.636363636363626
941,3924,0.375,0.309375,0.65293579086857,1.0,42.61931187569367
942,23112,0.125,0.1806125,0.9997470184315143,1.0,42.61931187569367
943,3308,0.3625,0.325428125,0.7905914950006022,0.3448275862068966,42.599999999999994
944,3140,0.125,0.321203125,0.8040477050957715,0.6206896551724137,42.599999999999994
945,15806,0.3625,0.3368625,0.750391519094085,0.3448275862068966,42.599999999999994
946,21199,0.6125,0.24936250000000001,0.9511866040236115,0.6206896551724137,42.49999999999999
947,23102,0.125,0.16503125000000002,0.9840380677026864,0.3448275862068966,42.49999999999999
948,4550,0.6125,0.309375,0.7059462715335502,0.8275862068965517,42.48927038626609
949,21293,0.8625,0.24623750000000003,0.9547885796891941,0.48275862068965514,42.454545454545446
950,3216,0.125,0.3125,0.7872545476448619,0.6896551724137931,42.42499999999999
951,3922,0.375,0.309375,0.7059462715335502,0.8275862068965517,42.41773962804005
952,17421,0.8625,0.31498750000000003,0.8376219732562342,0.6896551724137931,42.41666666666666
953,6252,0.875,0.3125,0.7872545476448619,0.6896551724137931,42.41666666666666
954,19874,0.125,0.25253125,0.9599807252138296,0.48275862068965514,42.36363636363636
955,21199,0.6125,0.24936250000000001,0.9511866040236115,0.3448275862068966,42.29999999999999
956,19875,0.33276249999999996,0.25448125,0.9575352367184676,0.48275862068965514,42.272727272727266
957,3725,0.3625,0.17785625,0.9873750150584266,0.6206896551724137,42.26999999999999
958,5941,0.875,0.3125,0.6508384531984098,0.8275862068965517,42.20314735336194
959,19881,0.15474125,0.25448125,0.9575352367184676,0.3448275862068966,42.199999999999996
960,5165,0.625,0.325428125,0.7905914950006022,0.3448275862068966,42.199999999999996
961,15867,0.16463125,0.32075624999999997,0.8208047223226117,0.9655172413793103,42.16666666666666
962,21141,0.3625,0.24936250000000001,0.9511866040236115,0.48275862068965514,41.99999999999999
963,5946,0.875,0.309375,0.7059462715335502,0.6206896551724137,41.99999999999999
964,15805,0.125,0.3368625,0.750391519094085,0.13793103448275862,41.99999999999999
965,6134,0.875,0.301878125,0.8718226719672328,0.27586206896551724,41.99999999999999
966,4153,0.375,0.325428125,0.7905914950006022,0.27586206896551724,41.99999999999999
967,5561,0.8625,0.309375,0.67944103120106,0.27586206896551724,41.99999999999999
968,15936,0.375,0.31815625000000003,0.828538730273461,0.27586206896551724,41.99999999999999
969,2306,0.1125,0.301878125,0.8718226719672328,0.27586206896551724,41.99999999999999
970,2911,0.125,0.309375,0.67944103120106,0.27586206896551724,41.99999999999999
971,4549,0.6125,0.309375,0.67944103120106,0.0,41.99999999999999
972,6131,0.875,0.32008749999999997,0.822816528129141,0.27586206896551724,41.99999999999999
973,3923,0.375,0.309375,0.67944103120106,0.27586206896551724,41.99999999999999
974,17414,0.8625,0.31186250000000004,0.831478135164438,0.0,41.99999999999999
975,17414,0.8625,0.31186250000000004,0.831478135164438,0.13793103448275862,41.99999999999999
976,17414,0.8625,0.31186250000000004,0.831478135164438,0.3448275862068966,41.99999999999999
977,17414,0.8625,0.31186250000000004,0.831478135164438,0.6206896551724137,41.99999999999999
978,16024,0.625,0.31815625000000003,0.828538730273461,0.0,41.99999999999999
979,15845,0.3625,0.31815625000000003,0.828538730273461,0.27586206896551724,41.99999999999999
980,23102,0.125,0.16503125000000002,0.9840380677026864,0.6206896551724137,41.99999999999999
981,2526,0.1125,0.309375,0.7059462715335502,0.6206896551724137,41.99999999999999
982,3141,0.125,0.325428125,0.7905914950006022,0.27586206896551724,41.99999999999999
983,3108,0.125,0.2336875,0.9796651005902903,0.48275862068965514,41.9090909090909
984,15866,0.184485,0.322059375,0.8168533911576918,0.6206896551724137,41.89999999999999
985,17290,0.1486475,0.3103125,0.8504397060595108,1.0,41.842397336293
986,5568,0.8625,0.3125,0.62643055053608,0.48275862068965514,41.81818181818181
987,5565,0.8625,0.3125,0.6996542585230695,0.48275862068965514,41.81818181818181
988,3919,0.375,0.3125,0.6996542585230695,0.48275862068965514,41.81818181818181
989,6134,0.875,0.301878125,0.8718226719672328,0.3448275862068966,41.79999999999999
990,15867,0.16463125,0.32075624999999997,0.8208047223226117,0.6896551724137931,41.74999999999999
991,2325,0.1125,0.16744375,0.9969883146608842,0.48275862068965514,41.72727272727272
992,4151,0.375,0.3125,0.8297072641850378,1.0,41.67591564927857
993,3170,0.125,0.256696875,0.9419226599204914,0.3448275862068966,41.669999999999995
994,20012,0.8625,0.25253125,0.9599807252138296,0.48275862068965514,41.636363636363626
995,3103,0.125,0.26896875,0.9368871220334899,0.48275862068965514,41.636363636363626
996,3105,0.125,0.2550875,0.9567642452716538,0.48275862068965514,41.636363636363626
997,21271,0.8625,0.24936250000000001,0.9511866040236115,0.48275862068965514,41.636363636363626
998,17414,0.8625,0.31186250000000004,0.831478135164438,0.48275862068965514,41.636363636363626
999,4110,0.375,0.301878125,0.8718226719672328,1.0,41.6204217536071
1000,5329,0.8625,0.3125,0.8297072641850378,0.0,41.599999999999994
1001,15866,0.184485,0.322059375,0.8168533911576918,0.27586206896551724,41.599999999999994
1002,6175,0.875,0.3125,0.8297072641850378,1.0,41.50943396226414
1003,2282,0.1125,0.30108437499999996,0.8357908685700518,0.48275862068965514,41.454545454545446
1004,6131,0.875,0.32008749999999997,0.822816528129141,0.3448275862068966,41.39999999999999
1005,15866,0.184485,0.322059375,0.8168533911576918,0.0,41.29999999999999
1006,5913,0.875,0.309375,0.7682568365257197,0.9655172413793103,41.258333333333326
1007,5257,0.8625,0.3125,0.7872545476448619,0.8275862068965517,41.20886981402003
1008,15866,0.184485,0.322059375,0.8168533911576918,0.3448275862068966,41.199999999999996
1009,19999,0.8387875000000001,0.25725312499999997,0.9411757619563906,0.6206896551724137,41.199999999999996
1010,21141,0.3625,0.24936250000000001,0.9511866040236115,0.6206896551724137,41.199999999999996
1011,15875,0.14884375,0.32284375,0.8144319961450427,0.9655172413793103,41.16666666666666
1012,5913,0.875,0.309375,0.7682568365257197,0.6896551724137931,41.14999999999999
1013,15874,0.172505,0.32439687500000003,0.8095771593783881,0.6206896551724137,41.099999999999994
1014,19999,0.8387875000000001,0.25725312499999997,0.9411757619563906,0.3448275862068966,41.099999999999994
1015,17421,0.8625,0.31498750000000003,0.8376219732562342,0.48275862068965514,41.090909090909086
1016,16034,0.822875,0.32075624999999997,0.8208047223226117,0.8275862068965517,41.05865522174535
1017,3094,0.125,0.325859375,0.8049271172147935,1.0,41.05438401775804
1018,5948,0.875,0.309375,0.65293579086857,1.0,41.02108768035515
1019,2311,0.1125,0.26896875,0.9368871220334899,0.48275862068965514,40.99999999999999
1020,5913,0.875,0.309375,0.7682568365257197,0.3448275862068966,40.99999999999999
1021,5165,0.625,0.325428125,0.7905914950006022,0.27586206896551724,40.99999999999999
1022,3923,0.375,0.309375,0.67944103120106,0.0,40.99999999999999
1023,6131,0.875,0.32008749999999997,0.822816528129141,0.13793103448275862,40.99999999999999
1024,4935,0.625,0.309375,0.67944103120106,0.27586206896551724,40.99999999999999
1025,23114,0.125,0.16503125000000002,0.9961450427659317,0.3448275862068966,40.99999999999999
1026,4936,0.625,0.309375,0.65293579086857,0.6206896551724137,40.99999999999999
1027,5948,0.875,0.309375,0.65293579086857,0.6206896551724137,40.99999999999999
1028,3536,0.3625,0.309375,0.65293579086857,0.6206896551724137,40.99999999999999
1029,3537,0.3625,0.309375,0.67944103120106,0.0,40.99999999999999
1030,2525,0.1125,0.309375,0.67944103120106,0.13793103448275862,40.99999999999999
1031,15850,0.125,0.31815625000000003,0.828538730273461,0.27586206896551724,40.99999999999999
1032,15936,0.375,0.31815625000000003,0.828538730273461,0.0,40.99999999999999
1033,6134,0.875,0.301878125,0.8718226719672328,0.13793103448275862,40.99999999999999
1034,15936,0.375,0.31815625000000003,0.828538730273461,0.13793103448275862,40.99999999999999
1035,2911,0.125,0.309375,0.67944103120106,0.13793103448275862,40.99999999999999
1036,3308,0.3625,0.325428125,0.7905914950006022,0.13793103448275862,40.99999999999999
1037,4153,0.375,0.325428125,0.7905914950006022,0.13793103448275862,40.99999999999999
1038,4330,0.6125,0.301878125,0.8718226719672328,0.6206896551724137,40.99999999999999
1039,4330,0.6125,0.301878125,0.8718226719672328,0.27586206896551724,40.99999999999999
1040,6131,0.875,0.32008749999999997,0.822816528129141,0.0,40.99999999999999
1041,4549,0.6125,0.309375,0.67944103120106,0.13793103448275862,40.99999999999999
1042,4320,0.6125,0.325428125,0.7905914950006022,0.13793103448275862,40.99999999999999
1043,4548,0.6125,0.309375,0.65293579086857,0.6206896551724137,40.99999999999999
1044,4320,0.6125,0.325428125,0.7905914950006022,0.27586206896551724,40.99999999999999
1045,2306,0.1125,0.301878125,0.8718226719672328,0.0,40.99999999999999
1046,15932,0.6125,0.31815625000000003,0.828538730273461,0.27586206896551724,40.99999999999999
1047,6134,0.875,0.301878125,0.8718226719672328,0.0,40.99999999999999
1048,3265,0.3625,0.2384375,0.9629442235875195,0.3448275862068966,40.989999999999995
1049,3116,0.125,0.17483437500000001,0.9989157932779182,0.3448275862068966,40.93999999999999
