regime_key,case_name,residual_csv_path,candidate_count
G4_W_H,ip_2_arc_all_tracks_222,C:\Users\Priyanshu\Desktop\new_train\training_residuals\residuals_stress\G4_W_H\ip_2_arc_all_tracks_222\stress_residual.csv,782214
G4_W_H,ip_first_track_3arc_78910,C:\Users\Priyanshu\Desktop\new_train\training_residuals\residuals_stress\G4_W_H\ip_first_track_3arc_78910\stress_residual.csv,782210
G4_W_L,ip_first_track_3arc_78910,C:\Users\Priyanshu\Desktop\new_train\training_residuals\residuals_stress\G4_W_L\ip_first_track_3arc_78910\stress_residual.csv,765828
G4_W_L,ip_2_arc_all_tracks_222,C:\Users\Priyanshu\Desktop\new_train\training_residuals\residuals_stress\G4_W_L\ip_2_arc_all_tracks_222\stress_residual.csv,765828
G4_S_H,ip_first_track_3arc_78910,C:\Users\Priyanshu\Desktop\new_train\training_residuals\residuals_stress\G4_S_H\ip_first_track_3arc_78910\stress_residual.csv,760868
G4_S_H,ip_2_arc_all_tracks_222,C:\Users\Priyanshu\Desktop\new_train\training_residuals\residuals_stress\G4_S_H\ip_2_arc_all_tracks_222\stress_residual.csv,760865
G4_S_L,ip_2_arc_all_tracks_222,C:\Users\Priyanshu\Desktop\new_train\training_residuals\residuals_stress\G4_S_L\ip_2_arc_all_tracks_222\stress_residual.csv,738972
G4_S_L,ip_first_track_3arc_78910,C:\Users\Priyanshu\Desktop\new_train\training_residuals\residuals_stress\G4_S_L\ip_first_track_3arc_78910\stress_residual.csv,738971
G3_S_H,ip_frst_Arc_defect_all_tracks_111,C:\Users\Priyanshu\Desktop\new_train\training_residuals\residuals_stress\G3_S_H\ip_frst_Arc_defect_all_tracks_111\stress_residual.csv,381934
G2_S_L,ip_1and3line_3_arc_78910,C:\Users\Priyanshu\Desktop\new_train\training_residuals\residuals_stress\G2_S_L\ip_1and3line_3_arc_78910\stress_residual.csv,356225
G1_S_L,ip_1and3line_3_arc_78910,C:\Users\Priyanshu\Desktop\new_train\training_residuals\residuals_stress\G1_S_L\ip_1and3line_3_arc_78910\stress_residual.csv,350258
G3_S_L,ip_1and3line_3_arc_78910,C:\Users\Priyanshu\Desktop\new_train\training_residuals\residuals_stress\G3_S_L\ip_1and3line_3_arc_78910\stress_residual.csv,348806
G2_S_H,ip_1and3line_3_arc_78910,C:\Users\Priyanshu\Desktop\new_train\training_residuals\residuals_stress\G2_S_H\ip_1and3line_3_arc_78910\stress_residual.csv,342311
G1_S_H,ip_1and3line_3_arc_78910,C:\Users\Priyanshu\Desktop\new_train\training_residuals\residuals_stress\G1_S_H\ip_1and3line_3_arc_78910\stress_residual.csv,331322
G2_W_L,ip_1and3line_3_arc_78910,C:\Users\Priyanshu\Desktop\new_train\training_residuals\residuals_stress\G2_W_L\ip_1and3line_3_arc_78910\stress_residual.csv,329334
G1_W_L,ip_1and3line_3_arc_78910,C:\Users\Priyanshu\Desktop\new_train\training_residuals\residuals_stress\G1_W_L\ip_1and3line_3_arc_78910\stress_residual.csv,327571
G3_W_L,ip_1and3line_3_arc_78910,C:\Users\Priyanshu\Desktop\new_train\training_residuals\residuals_stress\G3_W_L\ip_1and3line_3_arc_78910\stress_residual.csv,326397
G2_W_H,ip_1and3line_3_arc_78910,C:\Users\Priyanshu\Desktop\new_train\training_residuals\residuals_stress\G2_W_H\ip_1and3line_3_arc_78910\stress_residual.csv,318749
G1_W_H,ip_1and3line_3_arc_78910,C:\Users\Priyanshu\Desktop\new_train\training_residuals\residuals_stress\G1_W_H\ip_1and3line_3_arc_78910\stress_residual.csv,310345
G3_W_H,ip_1and3line_3_arc_78910,C:\Users\Priyanshu\Desktop\new_train\training_residuals\residuals_stress\G3_W_H\ip_1and3line_3_arc_78910\stress_residual.csv,305448
G3_S_H,ip_1and3line_3_arc_78910,C:\Users\Priyanshu\Desktop\new_train\training_residuals\residuals_stress\G3_S_H\ip_1and3line_3_arc_78910\stress_residual.csv,292556
G4_S_L,ip_1and3line_3_arc_78910,C:\Users\Priyanshu\Desktop\new_train\training_residuals\residuals_stress\G4_S_L\ip_1and3line_3_arc_78910\stress_residual.csv,281058
G2_S_L,ip_first_track_3arc_78910,C:\Users\Priyanshu\Desktop\new_train\training_residuals\residuals_stress\G2_S_L\ip_first_track_3arc_78910\stress_residual.csv,279179
G3_S_L,ip_first_track_3arc_78910,C:\Users\Priyanshu\Desktop\new_train\training_residuals\residuals_stress\G3_S_L\ip_first_track_3arc_78910\stress_residual.csv,276383
G1_S_L,ip_first_track_3arc_78910,C:\Users\Priyanshu\Desktop\new_train\training_residuals\residuals_stress\G1_S_L\ip_first_track_3arc_78910\stress_residual.csv,272854
G4_W_L,ip_1and3line_3_arc_78910,C:\Users\Priyanshu\Desktop\new_train\training_residuals\residuals_stress\G4_W_L\ip_1and3line_3_arc_78910\stress_residual.csv,266806
G2_S_H,ip_first_track_3arc_78910,C:\Users\Priyanshu\Desktop\new_train\training_residuals\residuals_stress\G2_S_H\ip_first_track_3arc_78910\stress_residual.csv,266296
G4_S_H,ip_1and3line_3_arc_78910,C:\Users\Priyanshu\Desktop\new_train\training_residuals\residuals_stress\G4_S_H\ip_1and3line_3_arc_78910\stress_residual.csv,263784
G2_W_L,ip_first_track_3arc_78910,C:\Users\Priyanshu\Desktop\new_train\training_residuals\residuals_stress\G2_W_L\ip_first_track_3arc_78910\stress_residual.csv,256266
G1_S_H,ip_first_track_3arc_78910,C:\Users\Priyanshu\Desktop\new_train\training_residuals\residuals_stress\G1_S_H\ip_first_track_3arc_78910\stress_residual.csv,256241
G3_W_L,ip_first_track_3arc_78910,C:\Users\Priyanshu\Desktop\new_train\training_residuals\residuals_stress\G3_W_L\ip_first_track_3arc_78910\stress_residual.csv,254919
G1_W_L,ip_first_track_3arc_78910,C:\Users\Priyanshu\Desktop\new_train\training_residuals\residuals_stress\G1_W_L\ip_first_track_3arc_78910\stress_residual.csv,254324
G4_W_H,ip_1and3line_3_arc_78910,C:\Users\Priyanshu\Desktop\new_train\training_residuals\residuals_stress\G4_W_H\ip_1and3line_3_arc_78910\stress_residual.csv,248209
G2_W_H,ip_first_track_3arc_78910,C:\Users\Priyanshu\Desktop\new_train\training_residuals\residuals_stress\G2_W_H\ip_first_track_3arc_78910\stress_residual.csv,247044
G2_S_L,ip_3track_1_arc_678,C:\Users\Priyanshu\Desktop\new_train\training_residuals\residuals_stress\G2_S_L\ip_3track_1_arc_678\stress_residual.csv,245979
G3_S_L,ip_3track_1_arc_678,C:\Users\Priyanshu\Desktop\new_train\training_residuals\residuals_stress\G3_S_L\ip_3track_1_arc_678\stress_residual.csv,242234
G1_S_L,ip_3track_1_arc_678,C:\Users\Priyanshu\Desktop\new_train\training_residuals\residuals_stress\G1_S_L\ip_3track_1_arc_678\stress_residual.csv,241796
G1_W_H,ip_first_track_3arc_78910,C:\Users\Priyanshu\Desktop\new_train\training_residuals\residuals_stress\G1_W_H\ip_first_track_3arc_78910\stress_residual.csv,238572
G3_W_H,ip_first_track_3arc_78910,C:\Users\Priyanshu\Desktop\new_train\training_residuals\residuals_stress\G3_W_H\ip_first_track_3arc_78910\stress_residual.csv,236089
G2_S_H,ip_3track_1_arc_678,C:\Users\Priyanshu\Desktop\new_train\training_residuals\residuals_stress\G2_S_H\ip_3track_1_arc_678\stress_residual.csv,234110
G3_W_L,ip_3track_1_arc_678,C:\Users\Priyanshu\Desktop\new_train\training_residuals\residuals_stress\G3_W_L\ip_3track_1_arc_678\stress_residual.csv,231614
G1_W_L,ip_3track_1_arc_678,C:\Users\Priyanshu\Desktop\new_train\training_residuals\residuals_stress\G1_W_L\ip_3track_1_arc_678\stress_residual.csv,231584
G1_S_H,ip_3track_1_arc_678,C:\Users\Priyanshu\Desktop\new_train\training_residuals\residuals_stress\G1_S_H\ip_3track_1_arc_678\stress_residual.csv,231455
G2_W_L,ip_3track_1_arc_678,C:\Users\Priyanshu\Desktop\new_train\training_residuals\residuals_stress\G2_W_L\ip_3track_1_arc_678\stress_residual.csv,227121
G3_S_H,ip_first_track_3arc_78910,C:\Users\Priyanshu\Desktop\new_train\training_residuals\residuals_stress\G3_S_H\ip_first_track_3arc_78910\stress_residual.csv,224499
G2_W_H,ip_3track_1_arc_678,C:\Users\Priyanshu\Desktop\new_train\training_residuals\residuals_stress\G2_W_H\ip_3track_1_arc_678\stress_residual.csv,218976
G1_W_H,ip_3track_1_arc_678,C:\Users\Priyanshu\Desktop\new_train\training_residuals\residuals_stress\G1_W_H\ip_3track_1_arc_678\stress_residual.csv,214186
G4_S_L,ip_3track_1_arc_678,C:\Users\Priyanshu\Desktop\new_train\training_residuals\residuals_stress\G4_S_L\ip_3track_1_arc_678\stress_residual.csv,212663
G3_W_H,ip_3track_1_arc_678,C:\Users\Priyanshu\Desktop\new_train\training_residuals\residuals_stress\G3_W_H\ip_3track_1_arc_678\stress_residual.csv,211477
G1_S_H,ip_frst_Arc_defect_all_tracks_111,C:\Users\Priyanshu\Desktop\new_train\training_residuals\residuals_stress\G1_S_H\ip_frst_Arc_defect_all_tracks_111\stress_residual.csv,210597
G4_W_L,ip_3track_1_arc_678,C:\Users\Priyanshu\Desktop\new_train\training_residuals\residuals_stress\G4_W_L\ip_3track_1_arc_678\stress_residual.csv,197321
G1_W_H,ip_frst_Arc_defect_all_tracks_111,C:\Users\Priyanshu\Desktop\new_train\training_residuals\residuals_stress\G1_W_H\ip_frst_Arc_defect_all_tracks_111\stress_residual.csv,196226
G3_W_H,ip_frst_Arc_defect_all_tracks_111,C:\Users\Priyanshu\Desktop\new_train\training_residuals\residuals_stress\G3_W_H\ip_frst_Arc_defect_all_tracks_111\stress_residual.csv,194120
G3_W_L,ip_frst_Arc_defect_all_tracks_111,C:\Users\Priyanshu\Desktop\new_train\training_residuals\residuals_stress\G3_W_L\ip_frst_Arc_defect_all_tracks_111\stress_residual.csv,193435
G4_S_H,ip_3track_1_arc_678,C:\Users\Priyanshu\Desktop\new_train\training_residuals\residuals_stress\G4_S_H\ip_3track_1_arc_678\stress_residual.csv,191745
G1_S_L,Ip_1track_1_arc_345,C:\Users\Priyanshu\Desktop\new_train\training_residuals\residuals_stress\G1_S_L\Ip_1track_1_arc_345\stress_residual.csv,191143
G3_S_H,ip_3track_1_arc_678,C:\Users\Priyanshu\Desktop\new_train\training_residuals\residuals_stress\G3_S_H\ip_3track_1_arc_678\stress_residual.csv,191084
G2_S_L,Ip_1track_1_arc_345,C:\Users\Priyanshu\Desktop\new_train\training_residuals\residuals_stress\G2_S_L\Ip_1track_1_arc_345\stress_residual.csv,190009
G1_W_L,ip_frst_Arc_defect_all_tracks_111,C:\Users\Priyanshu\Desktop\new_train\training_residuals\residuals_stress\G1_W_L\ip_frst_Arc_defect_all_tracks_111\stress_residual.csv,188489
G3_S_L,Ip_1track_1_arc_345,C:\Users\Priyanshu\Desktop\new_train\training_residuals\residuals_stress\G3_S_L\Ip_1track_1_arc_345\stress_residual.csv,188144
G2_S_H,Ip_1track_1_arc_345,C:\Users\Priyanshu\Desktop\new_train\training_residuals\residuals_stress\G2_S_H\Ip_1track_1_arc_345\stress_residual.csv,187814
G4_W_H,ip_3track_1_arc_678,C:\Users\Priyanshu\Desktop\new_train\training_residuals\residuals_stress\G4_W_H\ip_3track_1_arc_678\stress_residual.csv,183445
G1_S_H,Ip_1track_1_arc_345,C:\Users\Priyanshu\Desktop\new_train\training_residuals\residuals_stress\G1_S_H\Ip_1track_1_arc_345\stress_residual.csv,183148
G2_W_H,ip_2_arc_all_tracks_222,C:\Users\Priyanshu\Desktop\new_train\training_residuals\residuals_stress\G2_W_H\ip_2_arc_all_tracks_222\stress_residual.csv,179107
G3_W_L,Ip_1track_1_arc_345,C:\Users\Priyanshu\Desktop\new_train\training_residuals\residuals_stress\G3_W_L\Ip_1track_1_arc_345\stress_residual.csv,178128
G1_S_H,ip_2_arc_all_tracks_222,C:\Users\Priyanshu\Desktop\new_train\training_residuals\residuals_stress\G1_S_H\ip_2_arc_all_tracks_222\stress_residual.csv,177291
G1_W_H,ip_2_arc_all_tracks_222,C:\Users\Priyanshu\Desktop\new_train\training_residuals\residuals_stress\G1_W_H\ip_2_arc_all_tracks_222\stress_residual.csv,176422
G4_S_L,Ip_1track_1_arc_345,C:\Users\Priyanshu\Desktop\new_train\training_residuals\residuals_stress\G4_S_L\Ip_1track_1_arc_345\stress_residual.csv,175396
G1_W_H,Ip_1track_1_arc_345,C:\Users\Priyanshu\Desktop\new_train\training_residuals\residuals_stress\G1_W_H\Ip_1track_1_arc_345\stress_residual.csv,175325
G2_W_L,ip_2_arc_all_tracks_222,C:\Users\Priyanshu\Desktop\new_train\training_residuals\residuals_stress\G2_W_L\ip_2_arc_all_tracks_222\stress_residual.csv,174784
G1_W_L,Ip_1track_1_arc_345,C:\Users\Priyanshu\Desktop\new_train\training_residuals\residuals_stress\G1_W_L\Ip_1track_1_arc_345\stress_residual.csv,173090
G3_S_L,ip_frst_Arc_defect_all_tracks_111,C:\Users\Priyanshu\Desktop\new_train\training_residuals\residuals_stress\G3_S_L\ip_frst_Arc_defect_all_tracks_111\stress_residual.csv,172553
G3_W_H,Ip_1track_1_arc_345,C:\Users\Priyanshu\Desktop\new_train\training_residuals\residuals_stress\G3_W_H\Ip_1track_1_arc_345\stress_residual.csv,172462
G2_W_L,Ip_1track_1_arc_345,C:\Users\Priyanshu\Desktop\new_train\training_residuals\residuals_stress\G2_W_L\Ip_1track_1_arc_345\stress_residual.csv,170931
G2_W_H,Ip_1track_1_arc_345,C:\Users\Priyanshu\Desktop\new_train\training_residuals\residuals_stress\G2_W_H\Ip_1track_1_arc_345\stress_residual.csv,170463
G1_S_L,ip_frst_Arc_defect_all_tracks_111,C:\Users\Priyanshu\Desktop\new_train\training_residuals\residuals_stress\G1_S_L\ip_frst_Arc_defect_all_tracks_111\stress_residual.csv,170417
G4_W_L,Ip_1track_1_arc_345,C:\Users\Priyanshu\Desktop\new_train\training_residuals\residuals_stress\G4_W_L\Ip_1track_1_arc_345\stress_residual.csv,164673
G2_W_H,ip_frst_Arc_defect_all_tracks_111,C:\Users\Priyanshu\Desktop\new_train\training_residuals\residuals_stress\G2_W_H\ip_frst_Arc_defect_all_tracks_111\stress_residual.csv,163849
G1_S_L,ip_2_arc_all_tracks_222,C:\Users\Priyanshu\Desktop\new_train\training_residuals\residuals_stress\G1_S_L\ip_2_arc_all_tracks_222\stress_residual.csv,163244
G1_W_L,ip_2_arc_all_tracks_222,C:\Users\Priyanshu\Desktop\new_train\training_residuals\residuals_stress\G1_W_L\ip_2_arc_all_tracks_222\stress_residual.csv,161834
G4_S_H,Ip_1track_1_arc_345,C:\Users\Priyanshu\Desktop\new_train\training_residuals\residuals_stress\G4_S_H\Ip_1track_1_arc_345\stress_residual.csv,160981
G2_W_L,ip_frst_Arc_defect_all_tracks_111,C:\Users\Priyanshu\Desktop\new_train\training_residuals\residuals_stress\G2_W_L\ip_frst_Arc_defect_all_tracks_111\stress_residual.csv,160833
G2_S_H,ip_2_arc_all_tracks_222,C:\Users\Priyanshu\Desktop\new_train\training_residuals\residuals_stress\G2_S_H\ip_2_arc_all_tracks_222\stress_residual.csv,157198
G4_W_H,ip_frst_Arc_defect_all_tracks_111,C:\Users\Priyanshu\Desktop\new_train\training_residuals\residuals_stress\G4_W_H\ip_frst_Arc_defect_all_tracks_111\stress_residual.csv,157013
G2_S_H,ip_frst_Arc_defect_all_tracks_111,C:\Users\Priyanshu\Desktop\new_train\training_residuals\residuals_stress\G2_S_H\ip_frst_Arc_defect_all_tracks_111\stress_residual.csv,155788
G4_W_H,Ip_1track_1_arc_345,C:\Users\Priyanshu\Desktop\new_train\training_residuals\residuals_stress\G4_W_H\Ip_1track_1_arc_345\stress_residual.csv,154657
G2_S_L,ip_2_arc_all_tracks_222,C:\Users\Priyanshu\Desktop\new_train\training_residuals\residuals_stress\G2_S_L\ip_2_arc_all_tracks_222\stress_residual.csv,150923
G3_S_H,Ip_1track_1_arc_345,C:\Users\Priyanshu\Desktop\new_train\training_residuals\residuals_stress\G3_S_H\Ip_1track_1_arc_345\stress_residual.csv,150344
G4_W_L,ip_frst_Arc_defect_all_tracks_111,C:\Users\Priyanshu\Desktop\new_train\training_residuals\residuals_stress\G4_W_L\ip_frst_Arc_defect_all_tracks_111\stress_residual.csv,150059
G2_S_L,ip_frst_Arc_defect_all_tracks_111,C:\Users\Priyanshu\Desktop\new_train\training_residuals\residuals_stress\G2_S_L\ip_frst_Arc_defect_all_tracks_111\stress_residual.csv,144087
G4_S_L,ip_frst_Arc_defect_all_tracks_111,C:\Users\Priyanshu\Desktop\new_train\training_residuals\residuals_stress\G4_S_L\ip_frst_Arc_defect_all_tracks_111\stress_residual.csv,141294
G4_S_H,ip_frst_Arc_defect_all_tracks_111,C:\Users\Priyanshu\Desktop\new_train\training_residuals\residuals_stress\G4_S_H\ip_frst_Arc_defect_all_tracks_111\stress_residual.csv,139801
G3_S_H,ip_2_arc_all_tracks_222,C:\Users\Priyanshu\Desktop\new_train\training_residuals\residuals_stress\G3_S_H\ip_2_arc_all_tracks_222\stress_residual.csv,132288
G3_W_H,ip_2_arc_all_tracks_222,C:\Users\Priyanshu\Desktop\new_train\training_residuals\residuals_stress\G3_W_H\ip_2_arc_all_tracks_222\stress_residual.csv,128570
G3_W_L,ip_2_arc_all_tracks_222,C:\Users\Priyanshu\Desktop\new_train\training_residuals\residuals_stress\G3_W_L\ip_2_arc_all_tracks_222\stress_residual.csv,125507
G3_S_L,ip_2_arc_all_tracks_222,C:\Users\Priyanshu\Desktop\new_train\training_residuals\residuals_stress\G3_S_L\ip_2_arc_all_tracks_222\stress_residual.csv,117656
